Take,N,Label SD,SD,C,P,R1,R2,R1 part,R2 part,C Dens,P Dens,R1 Dens,R2 Dens,C Peak,P Peak,R1 Peak,R2 Peak
241,3,01:01,1,,0.469643,,,,,,,,,,0.084499,,
241,3,01:02,2,,,,,,,,,,,,,,
241,3,01:03,3,,,,,,,,,,,,,,
241,3,01:04,4,,,,,,,,,,,,,,
241,3,01:05,5,,,,,,,,,,,,,,
241,3,01:06,6,,,,,,,,,,,,,,
241,3,01:07,7,,,1.153495,,,,,,,,,,0.007043,
241,3,01:08,8,,,,,,,,,,,,,,
241,3,01:09,9,,,,,,,,,,,,,,
241,3,01:10,10,,,,,,,,,,,,,,
241,3,01:11,11,,,1.594689,,,,,,,,,,0.041703,
241,3,01:12,12,,,,,,,,,,,,,,
241,3,01:13,13,,,1.842741,,,,,,,,,,0.012565,
241,3,01:14,14,,1.935454,,,,,,,,,,0.481338,,
241,3,01:15,15,,,,,,,,,,,,,,
241,3,01:16,16,,,,,,,,,,,,,,
241,3,02:01,1,,2.257218,,,,,,2.5,,,,0.12742,,
241,3,02:02,2,,,2.336621,,,,,,4.5,,,,0.012325,
241,3,02:03,3,2.500304,,,,,,3.5,,,,0.093633,,,
241,3,02:04,4,2.619734,,2.596249,,,,4,,5.5,,0.020633,,0.037463,
241,3,02:05,5,,,,,,,,,,,,,,
241,3,02:06,6,,,2.843805,,,,,,5.5,,,,0.007866,
241,3,02:07,7,,,,,,,,,,,,,,
241,3,02:08,8,,,,,,,,,,,,,,
241,3,02:09,9,,,3.195325,,,,,,5.5,,,,0.014696,
241,3,02:10,10,,,,,,,,,,,,,,
241,3,02:11,11,,,3.415521,,,,,,5.5,,,,0.030229,
241,3,02:12,12,,,,,,,,,,,,,,
241,3,02:13,13,,,3.645127,,,,,,5,,,,0.008087,
241,3,02:14,14,,3.71224,,,,,,2,,,,0.413077,,
241,3,02:15,15,,3.831916,,,,,,2.5,,,,0.500272,,
241,3,02:16,16,,,,,,,,,,,,,,
241,3,03:01,1,,4.05853,,,,,,2.5,,,,0.070931,,
241,3,03:02,2,4.185584,,,,,,6,,,,0.168969,,,
241,3,03:03,3,4.281826,4.278732,4.287177,,,,6,2.5,5.5,,0.171733,0.712382,0.045453,
241,3,03:04,4,4.388292,4.370464,,,,,6.5,3,,,0.03325,0.231316,,
241,3,03:05,5,,,,,,,,,,,,,,
241,3,03:06,6,,4.594323,4.601681,,,,,3.5,5.5,,,0.268278,0.050074,
241,3,03:07,7,,4.707144,,,,,,4,,,,0.286028,,
241,3,03:08,8,,,4.829622,,,,,,6.5,,,,0.205435,
241,3,03:09,9,,4.947017,4.959425,,,,,4.5,6.5,,,0.033388,0.700329,
241,3,03:10,10,,,5.083759,,,,,,6.5,,,,0.160652,
241,3,03:11,11,,5.157315,,,,,,5.5,,,,0.207871,,
241,3,03:12,12,,5.252585,5.310859,,,,,5.5,6.5,,,0.448204,0.676519,
241,3,03:13,13,,5.402887,5.449471,,,,,6,6.5,,,0.535442,0.335923,
241,3,03:14,14,,5.505918,5.551332,,,,,6.5,7,,,0.102067,0.167133,
241,3,03:15,15,,5.609794,5.63648,,,,,7,7.5,,,0.226885,0.30943,
241,3,03:16,16,,5.721176,5.750557,,,,,7,7.5,,,0.298112,0.599364,
241,3,04:01,1,,5.874157,5.882474,,,,,7,7.5,,,0.099124,0.015118,
241,3,04:02,2,5.969189,5.979265,,,,,6,7.5,,,0.115314,0.131524,,
241,3,04:03,3,6.076432,6.102097,,,,,6,7.5,,,0.165068,0.404121,,
241,3,04:04,4,6.187435,6.193675,6.218494,,,,6,8,8,,0.084061,0.048166,0.039627,
241,3,04:05,5,6.312467,6.316924,,,,,6,8,,,0.393381,0.171032,,
241,3,04:06,6,6.424592,6.420559,,,,,6,8,,,0.083663,0.190331,,
241,3,04:07,7,6.53056,6.544959,6.559274,,,,6.5,8.5,7.5,,0.156657,0.062434,0.012152,
241,3,04:08,8,6.647853,6.628737,,,,,6.5,8.5,,,0.142357,0.302276,,
241,3,04:09,9,6.776749,6.772919,,,,,7,8.5,,,0.534604,0.058064,,
241,3,04:10,10,6.889661,,6.896429,,,,7.5,,7,,0.088597,,0.029749,
241,3,04:11,11,6.981049,6.982441,,,,,7.5,9,,,0.177747,0.181657,,
241,3,04:12,12,7.094107,7.08402,,,,,7.5,9,,,0.342489,0.226642,,
241,3,04:13,13,7.238145,7.220783,7.233745,,,,8,9,7.5,,0.334501,0.156568,0.015751,
241,3,04:14,14,7.345033,7.326839,,,,,8.5,9,,,0.08654,0.126197,,
241,3,04:15,15,7.431662,7.446692,,,,,9,9,,,0.176474,0.046836,,
241,3,04:16,16,7.548622,7.542362,7.552589,,,,9,9,7,,0.278886,0.267042,0.07322,
241,3,05:01,1,7.68787,7.678585,7.699219,,,,9,9,7,,0.311992,0.071621,0.016626,
241,3,05:02,2,7.80032,7.776471,,,,,9,9,,,0.061267,0.14443,,
241,3,05:03,3,7.891833,7.893611,,,,,9,9,,,0.159281,0.358545,,
241,3,05:04,4,8.004152,7.988424,8.013759,,,,9,9,7,,0.233166,0.278348,0.009505,
241,3,05:05,5,8.132217,,,,,,9,,,,0.362744,,,
241,3,05:06,6,8.239398,8.221184,,,,,9,8.5,,,0.080921,0.184319,,
241,3,05:07,7,8.33703,8.350609,8.359998,,,,9,8.5,7.5,,0.15872,0.073006,0.006744,
241,3,05:08,8,8.448439,8.436333,,,,,9,8.5,,,0.082018,0.236204,,
241,3,05:09,9,8.585054,8.580997,,,,,9,8.5,,,0.258554,0.067449,,
241,3,05:10,10,8.698158,8.668199,8.70958,,,,9,8.5,8,,0.081304,0.180033,0.026817,
241,3,05:11,11,8.787137,8.794638,,,,,9,8.5,,,0.133452,0.119519,,
241,3,05:12,12,8.903319,8.899001,,,,,9,8.5,,,0.137306,0.183314,,
241,3,05:13,13,9.047095,9.036062,9.042158,,,,9,8.5,7.5,,0.169589,0.087985,0.010282,
241,3,05:14,14,9.155534,9.135715,,,,,9,8.5,,,0.06755,0.083613,,
241,3,05:15,15,9.251072,9.257802,,,,,9,8.5,,,0.15168,0.03085,,
241,3,05:16,16,9.367691,9.349918,9.369528,,,,9,8.5,7,,0.128263,0.210118,0.02525,
241,3,06:01,1,9.502311,9.488312,,,,,9,8.5,,,0.302991,0.060878,,
241,3,06:02,2,9.616988,9.595714,,,,,9,8.5,,,0.08323,0.132282,,
241,3,06:03,3,9.706687,9.717129,9.712367,,,,9,8.5,7.5,,0.146346,0.246704,0.062284,
241,3,06:04,4,9.814765,9.818136,,,,,9,8.5,,,0.178113,0.074709,,
241,3,06:05,5,9.947999,9.948237,,,,,9,8.5,,,0.365806,0.499868,,
241,3,06:06,6,10.052831,10.042295,10.038558,,,,9,8.5,8,,0.088905,0.092205,0.113016,
241,3,06:07,7,10.144966,10.165347,,,,,9,9,,,0.139282,0.107119,,
241,3,06:08,8,10.263172,10.263941,10.260668,,,,9,9,8,,0.105348,0.181507,0.162047,
241,3,06:09,9,10.402485,10.385191,10.39988,,,,9,9,8,,0.267764,0.040793,0.64155,
241,3,06:10,10,10.508736,10.476504,10.525679,,,,9,9,8,,0.07684,0.150644,0.623075,
241,3,06:11,11,10.603832,10.609632,,,,,9,9,,,0.169147,0.121119,,
241,3,06:12,12,10.710957,10.70983,,,,,9,9,,,0.211464,0.197934,,
241,3,06:13,13,10.84713,10.847256,10.860072,,,,9,9,7,,0.314963,0.087185,0.263988,
241,3,06:14,14,10.956418,10.958185,10.987273,,,,9,9,7.5,,0.032706,0.092536,0.808509,
241,3,06:15,15,11.055117,11.069934,,,,,9,9,,,0.154674,0.176214,,
241,3,06:16,16,11.164955,,11.186811,,,,9,,7,,0.15146,,0.142899,
241,3,07:01,1,11.310701,11.304276,,,,,9,8.5,,,0.377691,0.206117,,
241,3,07:02,2,11.422518,11.412729,11.416466,,,,9,8.5,7,,0.017963,0.214969,0.220529,
241,3,07:03,3,,11.51671,11.532998,,,,,8.5,7.5,,,0.090846,0.432175,
241,3,07:04,4,11.627269,11.621253,11.650701,,,,9,8.5,7.5,,0.192985,0.064468,0.718129,
241,3,07:05,5,11.763961,11.743277,,,,,9,8.5,,,0.257149,0.358676,,
241,3,07:06,6,11.867595,11.841893,11.865982,,,,9,8.5,6.5,,0.070795,0.22446,0.624014,
241,3,07:07,7,11.961146,11.973943,,,,,9,8.5,,,0.126832,0.153909,,
241,3,07:08,8,12.075817,12.072459,12.074853,,,,9,8.5,6.5,,0.074548,0.154501,0.117486,
241,3,07:09,9,12.205939,12.209283,,,,,9,8.5,,,0.371843,0.31145,,
241,3,07:10,10,12.31627,12.298594,12.309898,,,,9,8.5,6,,0.056822,0.17277,0.153972,
241,3,07:11,11,12.405907,12.428666,12.445999,,,,9,8.5,6,,0.109993,0.045009,0.452619,
241,3,07:12,12,12.519835,12.528148,,,,,9,8.5,,,0.105073,0.341115,,
241,3,07:13,13,12.656263,12.653993,12.675165,,,,9,8.5,6,,0.272991,0.044153,0.155556,
241,3,07:14,14,12.766338,12.751581,12.792354,,,,9,8.5,6.5,,0.032134,0.174335,0.537195,
241,3,07:15,15,12.861981,12.882271,,,,,9,8.5,,,0.114815,0.204962,,
241,3,07:16,16,12.973209,,12.993462,,,,9,,6,,0.172413,,0.152645,
241,3,08:01,1,13.111005,13.125531,,,,,9,8,,,0.264297,0.031415,,
241,3,08:02,2,13.232161,,13.241633,,,,9,,6,,0.033927,,0.152322,
241,3,08:03,3,13.326062,13.337288,13.352318,,,,9,8.5,7,,0.14745,0.248029,0.415707,
241,3,08:04,4,13.428935,13.431563,13.471517,,,,9,8.5,7,,0.127561,0.066986,0.630259,
241,3,08:05,5,13.556282,,13.606201,,,,9,,6.5,,0.278977,,0.515765,
241,3,08:06,6,13.66004,13.673736,13.740766,,,,9,8,6.5,,0.07906,0.19571,0.545742,
241,3,08:07,7,,13.797341,,,,,,8,,,,0.22369,,
241,3,08:08,8,13.873163,,13.897178,,,,9,,6.5,,0.135139,,0.291967,
241,3,08:09,9,14.005002,14.024307,14.036282,,,,9,7.5,7,,0.410119,0.084995,0.107804,
241,3,08:10,10,14.132778,,14.155976,,,,9,,7,,0.085864,,0.160578,
241,3,08:11,11,14.222659,14.232149,14.299869,,,,9,7,7.5,,0.144081,0.129259,0.361548,
241,3,08:12,12,14.341294,14.343268,14.348035,,,,9,7,7.5,,0.193945,0.089846,0.281662,
241,3,08:13,13,14.478854,14.485743,14.479361,,,,9,7,7.5,,0.319165,0.072536,0.13963,
241,3,08:14,14,14.589655,,14.608365,,,,9,,8,,0.064226,,0.323844,
241,3,08:15,15,14.683021,14.704518,,,,,9,6.5,,,0.114948,0.185484,,
241,3,08:16,16,14.801986,,14.791066,,,,9,,8,,0.144211,,0.396398,
241,3,09:01,1,14.937514,14.935052,,,,,9,6,,,0.345986,0.058312,,
241,3,09:02,2,15.044837,,15.025246,,,,9,,7.5,,0.061383,,0.096366,
241,3,09:03,3,15.141084,15.156799,,,,,9,6,,,0.158262,0.274651,,
241,3,09:04,4,15.254917,15.263895,,,,,9,6,,,0.072157,0.054325,,
241,3,09:05,5,15.391763,,,,,,9,,,,0.345932,,,
241,3,09:06,6,15.483227,15.48722,15.48143,,,,9,6,8.5,,0.079065,0.177727,0.031936,
241,3,09:07,7,15.581983,15.610273,,,,,9,6.5,,,0.178787,0.271651,,
241,3,09:08,8,15.702041,,,,,,9,,,,0.185095,,,
241,3,09:09,9,15.838939,15.830795,,,,,9,6,,,0.374597,0.119045,,
241,3,09:10,10,15.94841,,15.929242,,,,9,,8.5,,0.106842,,0.175565,
241,3,09:11,11,16.043827,16.045314,,,,,9,6,,,0.159631,0.203677,,
241,3,09:12,12,16.160669,16.154241,,,,,9,6.5,,,0.096254,0.135862,,
241,3,09:13,13,16.290537,16.289703,16.302075,,,,9,6.5,9,,0.312842,0.070247,0.110337,
241,3,09:14,14,16.402007,16.40091,16.410366,,,,9,6.5,9,,0.069534,0.095157,0.42397,
241,3,09:15,15,16.493577,16.518911,,,,,9,6.5,,,0.119506,0.257228,,
241,3,09:16,16,16.622686,,16.607104,,,,9,,9,,0.100735,,0.305955,
241,3,10:01,1,16.759211,16.755362,,,,,9,6.5,,,0.356597,0.039963,,
241,3,10:02,2,16.865819,,16.877076,,,,9,,10,,0.096013,,0.274999,
241,3,10:03,3,16.968461,,,,,,9,,,,0.126759,,,
241,3,10:04,4,17.084636,17.074856,,,,,9,7.5,,,0.269987,0.034467,,
241,3,10:05,5,,17.211006,,,,,,7.5,,,,0.054944,,
241,3,10:06,6,17.30287,17.311482,17.275744,,,,8.5,7.5,8,,0.100673,0.175532,0.126618,
241,3,10:07,7,17.411329,17.433544,,,,,8.5,7.5,,,0.0929,0.239143,,
241,3,10:08,8,17.537469,,,,,,8.5,,,,0.062219,,,
241,3,10:09,9,17.672854,17.655457,,,,,8.5,7,,,0.256701,0.06764,,
241,3,10:10,10,17.775273,,,,,,8.5,,,,0.066586,,,
241,3,10:11,11,17.865209,17.885341,,,,,8.5,7.5,,,0.140312,0.37502,,
241,3,10:12,12,17.979596,17.976272,,,,,8.5,8,,,0.127695,0.047693,,
241,3,10:13,13,18.10967,18.11771,18.1323,,,,8.5,8,7,,0.349311,0.107226,0.041331,
241,3,10:14,14,18.228048,18.226948,,,,,8.5,8,,,0.070908,0.139918,,
241,3,10:15,15,18.308181,18.349245,,,,,8.5,8,,,0.146232,0.24854,,
241,3,10:16,16,18.431175,,18.42889,,,,8.5,,8,,0.177317,,0.491996,
241,3,11:01,1,18.572757,18.577186,,,,,8.5,7.5,,,0.271389,0.062128,,
241,3,11:02,2,18.688548,,18.692231,,,,8.5,,7.5,,0.1192,,0.575698,
241,3,11:03,3,18.773797,18.811476,,,,,8.5,8,,,0.179832,0.53928,,
241,3,11:04,4,18.899886,18.894426,18.88983,,,,8.5,8,6.5,,0.088987,0.64736,0.010091,
241,3,11:05,5,19.047689,,,,,,8.5,,,,0.208321,,,
241,3,11:06,6,19.135388,19.124176,,,,,8.5,7.5,,,0.078444,0.179041,,
241,3,11:07,7,19.23627,19.237638,,,,,9,7.5,,,0.145499,0.106707,,
241,3,11:08,8,19.35561,19.346799,,,,,9,7.5,,,0.060221,0.254375,,
241,3,11:09,9,19.484494,19.47381,,,,,9,7.5,,,0.266387,0.181488,,
241,3,11:10,10,19.58907,,19.626375,,,,9,,6,,0.086652,,0.38732,
241,3,11:11,11,19.678047,19.691294,19.716405,,,,9,7.5,6.5,,0.149535,0.16687,0.144519,
241,3,11:12,12,19.798444,19.786943,19.810256,,,,9,7.5,6.5,,0.111621,0.29637,0.468381,
241,3,11:13,13,19.933024,19.93107,19.945666,,,,9,7.5,7,,0.228455,0.207381,0.081618,
241,3,11:14,14,20.051093,,,,,,9,,,,0.12203,,,
241,3,11:15,15,20.133084,20.143563,,,,,9,7,,,0.165162,0.220317,,
241,3,11:16,16,20.262362,20.257695,20.264568,,,,9,7,5.5,,0.421649,0.226655,0.018302,
241,3,12:01,1,,20.396514,,,,,,7,,,,0.694327,,
241,3,12:02,2,20.488789,,20.545829,,,,8.5,,5.5,,0.180152,,0.190184,
241,3,12:03,3,20.578107,,20.631748,,,,8.5,,6,,0.194114,,0.280761,
241,3,12:04,4,20.706249,20.714722,20.724512,,,,8.5,6.5,6,,0.13,0.038049,0.372585,
241,3,12:05,5,20.851852,,,,,,8.5,,,,0.491282,,,
241,3,12:06,6,20.948883,,20.96618,,,,8.5,,6,,0.118781,,0.492756,
241,3,12:07,7,21.05714,21.07105,,,,,8.5,6.5,,,0.154419,0.473116,,
241,3,12:08,8,21.176768,,,,,,8.5,,,,0.115254,,,
241,3,12:09,9,21.299337,21.317346,21.311308,,,,8.5,6,6,,0.444715,0.135213,0.044443,
241,3,12:10,10,21.415238,,,,,,8.5,,,,0.088153,,,
241,3,12:11,11,21.511207,21.539657,21.527831,,,,8.5,5.5,6.5,,0.182385,0.600966,0.321008,
241,3,12:12,12,21.633035,21.6277,,,,,8.5,6,,,0.175382,0.037798,,
241,3,12:13,13,21.772903,21.76936,21.769819,,,,8.5,6,6,,0.280801,0.369421,0.205662,
241,3,12:14,14,21.88271,,21.883576,,,,8.5,,6,,0.048322,,0.318724,
241,3,12:15,15,21.984229,21.989022,,,,,8.5,5.5,,,0.148215,0.440103,,
241,3,12:16,16,22.102683,,22.096306,,,,8.5,,6,,0.142551,,0.221673,
241,3,13:01,1,22.245699,22.23028,,,,,8.5,5.5,,,0.235703,0.098825,,
241,3,13:02,2,22.34154,,22.336565,,,,8.5,,6,,0.118548,,0.034543,
241,3,13:03,3,22.453039,22.46285,,,,,9,5,,,0.181596,0.544359,,
241,3,13:04,4,22.564965,22.549859,22.566754,,,,9,5.5,6,,0.086494,0.068485,0.288927,
241,3,13:05,5,22.704144,,,,,,9,,,,0.458775,,,
241,3,13:06,6,22.795835,,22.78594,,,,9,,5.5,,0.097487,,0.310055,
241,3,13:07,7,22.898465,22.930558,,,,,9,5.5,,,0.168622,0.367978,,
241,3,13:08,8,23.018167,,23.023247,,,,9,,5.5,,0.090113,,0.295355,
241,3,13:09,9,23.152302,23.161096,,,,,9,5.5,,,0.235798,0.17166,,
241,3,13:10,10,23.254623,,23.260209,,,,9,,6,,0.076538,,0.316725,
241,3,13:11,11,23.353476,23.379017,,,,,9,5.5,,,0.138559,0.451243,,
241,3,13:12,12,23.482279,23.462389,23.481186,,,,9,6,5.5,,0.132504,0.687344,0.30377,
241,3,13:13,13,23.614257,23.621913,,,,,9,6,,,0.364724,0.183397,,
241,3,13:14,14,23.727471,,23.728605,,,,9,,5.5,,0.082859,,0.548641,
241,3,13:15,15,23.832097,23.822117,,,,,9,5.5,,,0.127764,0.379371,,
241,3,13:16,16,23.951882,23.927006,23.953958,,,,9,6,5,,0.087339,0.231025,0.322679,
241,3,14:01,1,24.082695,24.085728,,,,,9,6,,,0.370584,0.082757,,
241,3,14:02,2,24.180261,,24.179262,,,,9,,5,,0.112949,,0.226291,
241,3,14:03,3,24.282146,24.317561,,,,,9,6,,,0.114336,0.695946,,
241,3,14:04,4,24.411817,24.402534,,,,,9,6.5,,,0.089496,0.653392,,
241,3,14:05,5,24.546008,,24.52014,,,,9,,5.5,,0.328424,,0.554773,
241,3,14:06,6,24.649476,24.636428,24.677936,,,,9,6,5.5,,0.13977,0.207726,0.260505,
241,3,14:07,7,24.747114,,24.769781,,,,9,,6,,0.122503,,0.583402,
241,3,14:08,8,24.875765,24.853032,24.849259,,,,9,6,6,,0.016175,0.40586,0.151392,
241,3,14:09,9,,24.988757,25.00453,,,,,6,7,,,0.144232,0.113918,
241,3,14:10,10,25.089863,,25.085274,,,,9,,7,,0.072678,,0.44933,
241,3,14:11,11,,25.226153,25.232974,,,,,6,8,,,0.330451,0.521235,
241,3,14:12,12,25.317038,25.30597,25.307551,,,,9,6.5,8,,0.103661,0.68519,0.254129,
241,3,14:13,13,25.460458,25.465128,25.470435,,,,9,6,9,,0.329306,0.063708,0.139898,
241,3,14:14,14,25.565029,,25.559593,,,,9,,9,,0.126228,,0.247675,
241,3,14:15,15,25.661388,25.687289,25.695933,,,,9,6.5,10,,0.071159,0.180006,0.440502,
241,3,14:16,16,25.796722,25.785446,25.771202,,,,9,7,10,,0.103138,0.219993,0.14976,
241,3,15:01,1,25.934435,25.930326,25.930963,,,,9,6.5,11,,0.318684,0.049433,0.138271,
241,3,15:02,2,26.033792,26.036225,26.005702,,,,9,7,11,,0.095591,0.07815,0.540688,
241,3,15:03,3,26.135682,26.152914,26.139513,,,,9,7,11.5,,0.111189,0.321049,0.706472,
241,3,15:04,4,26.265197,26.248788,,,,,9,7.5,,,0.087474,0.123831,,
241,3,15:05,5,26.406756,26.386738,,,,,9,7.5,,,0.265622,0.13486,,
241,3,15:06,6,26.501285,,26.506298,,,,9,,10.5,,0.093921,,0.193926,
241,3,15:07,7,26.591223,26.63141,26.613433,,,,9,7.5,10.5,,0.118677,0.258773,0.569292,
241,3,15:08,8,26.722035,,,,,,9,,,,0.045545,,,
241,3,15:09,9,26.865153,26.864002,26.830776,,,,9,7,10,,0.430693,0.039031,0.487721,
241,3,15:10,10,26.965728,,,,,,9,,,,0.115618,,,
241,3,15:11,11,27.059468,27.094202,27.05579,,,,9,7.5,9,,0.116299,0.237122,0.19643,
241,3,15:12,12,27.189021,27.180597,,,,,8.5,8,,,0.068247,0.165212,,
241,3,15:13,13,27.329379,27.324996,27.307937,,,,8.5,7.5,7.5,,0.25236,0.105422,0.4717,
241,3,15:14,14,27.427732,,27.420954,,,,9,,7.5,,0.106048,,0.360644,
241,3,15:15,15,27.530881,27.554065,,,,,9,7,,,0.081421,0.176052,,
241,3,15:16,16,27.665209,,27.640032,,,,8.5,,6.5,,0.062545,,0.030948,
241,3,16:01,1,27.806044,27.788605,,,,,8.5,6.5,,,0.24296,0.035562,,
241,3,16:02,2,27.905362,,,,,,9,,,,0.087764,,,
241,3,16:03,3,27.997753,,,,,,9,,,,0.10157,,,
241,3,16:04,4,28.12798,28.111661,28.118314,,,,9,6.5,5,,0.400179,0.097873,0.054935,
241,3,16:05,5,,28.26421,,,,,,6,,,,0.19686,,
241,3,16:06,6,28.347953,,,,,,8.5,,,,0.111487,,,
241,3,16:07,7,28.457624,28.497008,28.476936,,,,8.5,6,5.5,,0.133225,0.183443,0.040544,
241,3,16:08,8,28.591123,,,,,,8.5,,,,0.356777,,,
241,3,16:09,9,,28.730977,,,,,,6,,,,0.067605,,
241,3,16:10,10,28.822359,,28.841756,,,,8,,5,,0.130539,,0.011404,
241,3,16:11,11,28.939253,28.950619,,,,,8,6,,,0.135645,0.324458,,
241,3,16:12,12,29.060365,29.038946,,,,,7.5,6,,,0.455128,0.147143,,
241,3,16:13,13,,29.198877,29.188925,,,,,5.5,5.5,,,0.212684,0.02134,
241,3,16:14,14,29.294195,,,,,,7.5,,,,0.133847,,,
241,3,16:15,15,29.396565,29.427421,,,,,7.5,5.5,,,0.11505,0.426069,,
241,3,16:16,16,29.533193,,29.52453,,,,7,,6,,0.613365,,0.058766,
241,3,17:01,1,,29.665141,29.671716,,,,,5.5,6,,,0.581351,0.020516,
241,3,17:02,2,29.766495,,,,,,7,,,,0.112398,,,
241,3,17:03,3,29.873558,,,,,,7,,,,0.122668,,,
241,3,17:04,4,30.007941,29.981282,30.002583,,,,6.5,5,6.5,,0.560971,0.071112,0.044749,
241,3,17:05,5,,30.130882,,,,,,5,,,,0.3087,,
241,3,17:06,6,30.239072,,30.243172,,,,6.5,,6.5,,0.109857,,0.057824,
241,3,17:07,7,30.354863,30.368692,,,,,6.5,5,,,0.107894,0.330919,,
241,3,17:08,8,30.484337,,,,,,6.5,,,,0.53631,,,
241,3,17:09,9,,30.615316,30.609061,,,,,5,6.5,,,0.181928,0.025452,
241,3,17:10,10,30.711933,,,,,,6.5,,,,0.093887,,,
241,3,17:11,11,30.824771,30.845939,,,,,6.5,5,,,0.093248,0.271884,,
241,3,17:12,12,30.960829,30.929413,,,,,6.5,5.5,,,0.023439,0.627035,,
241,3,17:13,13,,31.092468,31.101714,,,,,5,6.5,,,0.296168,0.022957,
241,3,17:14,14,31.199987,,,,,,7,,,,0.104906,,,
241,3,17:15,15,31.318502,,,,,,7,,,,0.086215,,,
241,3,17:16,16,31.451815,31.411616,31.448497,,,,7,5,6.5,,0.249012,0.201544,0.062652,
241,3,18:01,1,,31.566436,31.576243,,,,,5,6.5,,,0.036164,0.012833,
241,3,18:02,2,31.679685,,,,,,7,,,,0.104645,,,
241,3,18:03,3,31.784976,,,,,,7,,,,0.104596,,,
241,3,18:04,4,31.910648,31.899988,31.908954,,,,7,5.5,7,,0.387269,0.376036,0.061194,
241,3,18:05,5,,,,,,,,,,,,,,
241,3,18:06,6,32.15678,32.144793,32.158056,,,,7,5,7,,0.102274,0.067809,0.037142,
241,3,18:07,7,32.272479,,,,,,7,,,,0.088106,,,
241,3,18:08,8,32.384806,32.384409,32.370482,,,,7,5,7,,0.263177,0.268697,0.049825,
241,3,18:09,9,,32.523705,32.520267,,,,,5.5,7.5,,,0.177037,0.020665,
241,3,18:10,10,32.624305,,,,,,7,,,,0.113005,,,
241,3,18:11,11,32.746916,,,,,,7,,,,0.088129,,,
241,3,18:12,12,32.875059,32.832387,,,,,7,5.5,,,0.018407,0.430442,,
241,3,18:13,13,,32.997576,33.005124,,,,,5,7,,,0.210971,0.023446,
241,3,18:14,14,33.093562,,,,,,7,,,,0.083977,,,
241,3,18:15,15,33.226664,,,,,,7,,,,0.084508,,,
241,3,18:16,16,33.356003,33.315319,33.351187,,,,7,5,6.5,,0.248497,0.183616,0.011518,
241,3,19:01,1,,33.479784,,,,,,5,,,,0.377992,,
241,3,19:02,2,33.58559,,,,,,7,,,,0.095605,,,
241,3,19:03,3,33.694579,,33.709086,,,,7,,6.5,,0.085399,,0.110838,
241,3,19:04,4,33.820531,33.801083,,,,,7,5,,,0.324159,0.072191,,
241,3,19:05,5,,33.952204,,,,,,4.5,,,,0.165968,,
241,3,19:06,6,34.058743,,34.051261,,,,7,,7,,0.108116,,0.015572,
241,3,19:07,7,34.180237,34.184367,,,,,7,4.5,,,0.099998,0.314586,,
241,3,19:08,8,34.307718,,,,,,7,,,,0.318074,,,
241,3,19:09,9,,34.430446,,,,,,4.5,,,,0.393802,,
241,3,19:10,10,34.53863,,34.542729,,,,7,,7.5,,0.104721,,0.502092,
241,3,19:11,11,34.644924,,,,,,7,,,,0.084072,,,
241,3,19:12,12,34.768395,34.754896,,,,,7,4.5,,,0.025749,0.049159,,
241,3,19:13,13,,34.917351,34.896749,,,,,4.5,7.5,,,0.198609,0.080115,
241,3,19:14,14,35.000782,,,,,,7,,,,0.114687,,,
241,3,19:15,15,35.122702,35.139341,,,,,7,4.5,,,0.095442,0.32643,,
241,3,19:16,16,35.256924,,35.243664,,,,7,,9,,0.199586,,0.015805,
241,3,20:01,1,,35.381299,,,,,,4.5,,,,0.495017,,
241,3,20:02,2,35.487359,,,,,,7,,,,0.084148,,,
241,3,20:03,3,35.610301,,,,,,7,,,,0.08498,,,
241,3,20:04,4,35.722078,35.709655,,,,,7,4.5,,,0.232069,0.163011,,
241,3,20:05,5,,35.859557,,,,,,4.5,,,,0.221192,,
241,3,20:06,6,35.953369,,35.983076,,,,7,,9,,0.093058,,0.216776,
241,3,20:07,7,36.066457,36.095497,,,,,7,4.5,,,0.096334,0.265858,,
241,3,20:08,8,36.194471,,,,,,7,,,,0.016481,,,
241,3,20:09,9,,36.338361,36.342332,,,,,4.5,7.5,,,0.062613,0.109394,
241,3,20:10,10,36.438288,,,,,,7.5,,,,0.096838,,,
241,3,20:11,11,36.555436,36.564103,36.596508,,,,7.5,4.5,8,,0.090553,0.419278,0.267481,
241,3,20:12,12,36.678992,36.644875,,,,,7.5,5,,,0.018698,0.092201,,
241,3,20:13,13,,36.806437,36.829819,,,,,5,8.5,,,0.260307,0.019361,
241,3,20:14,14,36.920822,,,,,,7.5,,,,0.090935,,,
241,3,20:15,15,37.025269,37.036394,,,,,7.5,5,,,0.101371,0.351372,,
241,3,20:16,16,37.149443,,37.159739,,,,7.5,,7.5,,0.545215,,0.127776,
241,3,21:01,1,,37.291989,,,,,,5,,,,0.055704,,
241,3,21:02,2,37.396091,,37.410951,,,,7.5,,7,,0.091667,,0.101563,
241,3,21:03,3,37.512516,37.526523,37.497384,,,,7.5,5,7,,0.094111,0.559135,0.097717,
241,3,21:04,4,37.628289,37.616431,37.635922,,,,7.5,5.5,7,,0.016815,0.052388,0.304314,
241,3,21:05,5,,37.774155,37.76746,,,,,5.5,6.5,,,0.276779,0.430115,
241,3,21:06,6,37.862416,,37.915376,,,,8,,7,,0.1067,,0.384109,
241,3,21:07,7,37.969488,38.000108,,,,,8,5.5,,,0.097185,0.347666,,
241,3,21:08,8,38.09385,,38.088909,,,,8,,7,,0.021958,,0.268076,
241,3,21:09,9,,38.24383,38.246088,,,,,5.5,7.5,,,0.12823,0.039157,
241,3,21:10,10,38.352767,,38.348516,,,,8,,7.5,,0.111793,,0.044564,
241,3,21:11,11,38.463865,38.471374,38.497267,,,,8,5.5,7.5,,0.092497,0.267971,0.091322,
241,3,21:12,12,38.584466,38.56266,38.567042,,,,8,6,8,,0.021857,0.581372,0.15848,
241,3,21:13,13,,38.733686,38.718652,,,,,5.5,8,,,0.634391,0.149555,
241,3,21:14,14,38.828063,38.861332,38.852681,,,,8.5,5.5,8,,0.098282,0.429501,0.130157,
241,3,21:15,15,38.939722,,,,,,8,,,,0.096687,,,
241,3,21:16,16,39.06353,39.036341,39.065368,,,,8,6,8,,0.020215,0.682826,0.095988,
241,3,22:01,1,,39.214609,39.189793,,,,,6,8,,,0.446149,0.396691,
241,3,22:02,2,39.309602,39.336789,39.31425,,,,8.5,6,8.5,,0.138551,0.788144,0.054281,
241,3,22:03,3,39.417174,,39.41718,,,,8.5,,8.5,,0.143094,,0.154318,
241,3,22:04,4,39.534062,39.533713,39.521528,,,,8.5,6,8.5,,0.025703,0.364645,0.337012,
241,3,22:05,5,,,39.664823,,,,,,8,,,,0.039618,
241,3,22:06,6,39.774365,,39.818079,,,,8.5,,8,,0.17351,,0.030652,
241,3,22:07,7,39.882147,39.891244,,,,,8.5,5.5,,,0.174926,0.342153,,
241,3,22:08,8,40.000647,,40.009248,,,,8.5,,8,,0.391747,,0.057925,
241,3,22:09,9,,40.141486,40.168987,,,,,5.5,8,,,0.126664,0.418901,
241,3,22:10,10,40.256016,,40.258125,,,,8,,8,,0.174284,,0.31134,
241,3,22:11,11,40.355063,40.366515,40.370044,,,,8,5.5,8,,0.159687,0.339112,0.034708,
241,3,22:12,12,40.479102,40.454142,,,,,8,6,,,0.016947,0.594221,,
241,3,22:13,13,,40.625119,40.62004,,,,,5.5,7,,,0.607829,0.337106,
241,3,22:14,14,40.728257,40.752262,40.750863,,,,8.5,5.5,7,,0.125753,0.317434,0.348899,
241,3,22:15,15,40.839529,,,,,,8,,,,0.155969,,,
241,3,22:16,16,40.956794,40.949223,40.950033,,,,8,5.5,7,,0.016239,0.292528,0.249327,
241,3,23:01,1,,41.108593,,,,,,5.5,,,,0.089345,,
241,3,23:02,2,41.195206,,41.207962,,,,8.5,,6.5,,0.10867,,0.209467,
241,3,23:03,3,41.309307,41.318715,41.325973,,,,8.5,5.5,7,,0.139745,0.737807,0.180964,
241,3,23:04,4,41.42489,41.419264,41.43596,,,,8,5.5,7,,0.283835,0.1052,0.303106,
241,3,23:05,5,,41.567297,,,,,,5.5,,,,0.263595,,
241,3,23:06,6,41.670112,,41.692792,,,,8,,6.5,,0.126798,,0.006269,
241,3,23:07,7,41.787063,41.797675,,,,,7.5,6,,,0.139276,0.277497,,
241,3,23:08,8,41.906652,,,,,,7.5,,,,0.015366,,,
241,3,23:09,9,,42.048972,,,,,,6,,,,0.129149,,
241,3,23:10,10,42.160058,,42.179407,,,,8,,6,,0.132351,,0.034201,
241,3,23:11,11,42.264433,42.267419,42.289411,,,,8,6,6.5,,0.1604,0.365325,0.466025,
241,3,23:12,12,42.386904,42.372603,,,,,8,6,,,0.026172,0.103084,,
241,3,23:13,13,,42.532512,42.54275,,,,,6,6.5,,,0.149832,0.215351,
241,3,23:14,14,42.63161,,,,,,8,,,,0.136656,,,
241,3,23:15,15,42.742204,42.76637,,,,,8,5.5,,,0.125472,0.199241,,
241,3,23:16,16,42.865917,,42.858665,,,,8,,6,,0.301511,,0.720387,
241,3,24:01:00,1,,43.007824,,,,,,5.5,,,,0.072295,,
241,3,24:02:00,2,43.116242,,43.142391,,,,7.5,,6,,0.137382,,0.052154,
241,3,24:03:00,3,43.223041,43.235487,,,,,7.5,5.5,,,0.120217,0.30518,,
241,3,24:04:00,4,43.350366,43.338886,,,,,7.5,5.5,,,0.026206,0.090665,,
241,3,24:05:00,5,,43.489417,43.499332,,,,,5.5,6,,,0.157517,0.7908,
241,3,24:06:00,6,43.591449,,43.628892,,,,8,,6.5,,0.144711,,0.597695,
241,3,24:07:00,7,43.701007,43.715853,,,,,8,5.5,,,0.096557,0.202018,,
241,3,24:08:00,8,43.828777,,43.806161,,,,8,,6.5,,0.311782,,0.227719,
241,3,24:09:00,9,,43.980503,43.96423,,,,,5.5,6.5,,,0.115431,0.457898,
241,3,24:10:00,10,44.076821,,44.091099,,,,7.5,,7,,0.152281,,0.307694,
241,3,24:11:00,11,44.184384,44.184392,,,,,7.5,5.5,,,0.132604,0.121564,,
241,3,24:12:00,12,44.298887,44.286623,44.27905,,,,7.5,5.5,6.5,,0.024408,0.322163,0.559929,
241,3,24:13:00,13,,44.440006,44.449129,,,,,5.5,6.5,,,0.786355,0.233105,
241,3,24:14:00,14,44.543078,,44.569348,,,,8,,6.5,,0.160934,,0.079611,
241,3,24:15:00,15,44.649052,44.656001,44.674685,,,,7.5,5.5,7,,0.128435,0.309284,0.501358,
241,3,24:16:00,16,44.778215,,44.755359,,,,7.5,,7.5,,0.05189,,0.509001,
241,3,25:01:00,1,,44.926867,44.915406,,,,,5.5,7.5,,,0.110079,0.494439,
241,3,25:02:00,2,45.013594,,45.049052,,,,8,,8,,0.139793,,0.258793,
241,3,25:03:00,3,45.124717,45.128814,45.133476,,,,8,5.5,8.5,,0.167091,0.56287,0.730389,
241,3,25:04:00,4,45.250612,45.234197,45.241136,,,,8,6,8,,0.039097,0.180043,0.690229,
241,3,25:05:00,5,,,45.393756,,,,,,7.5,,,,0.851628,
241,3,25:06:00,6,45.480476,45.470507,45.514794,,,,8.5,5.5,7.5,,0.155904,0.246759,0.56934,
241,3,25:07:00,7,45.593637,45.603244,,,,,8,5.5,,,0.139957,0.224534,,
241,3,25:08:00,8,45.717802,,45.689207,,,,8,,7.5,,0.417032,,0.322654,
241,3,25:09:00,9,,45.852087,45.847357,,,,,5.5,7.5,,,0.078635,0.553485,
241,3,25:10:00,10,45.953458,45.948591,45.977919,,,,8,6,7.5,,0.285879,0.162701,0.34932,
241,3,25:11:00,11,46.064128,46.067065,,,,,8.5,6,,,0.180087,0.233107,,
241,3,25:12:00,12,46.1851,46.166916,46.169579,,,,8,6.5,7.5,,0.023994,0.579573,0.516675,
241,3,25:13:00,13,,46.309645,46.338998,,,,,6,7.5,,,0.565945,0.186278,
241,3,25:14:00,14,46.414439,46.411852,46.45877,,,,8.5,6.5,7.5,,0.216824,0.10645,0.150606,
241,3,25:15:00,15,46.522494,46.515169,46.556629,,,,8.5,6.5,8,,0.177415,0.310622,0.523323,
241,3,25:16:00,16,46.640106,46.630704,46.639575,,,,8.5,7,8,,0.034284,0.169035,0.450921,
241,3,26:01:00,1,,46.780389,46.783745,,,,,7,7.5,,,0.130393,0.51118,
241,3,26:02:00,2,46.884767,46.870979,46.92277,,,,8.5,7.5,7.5,,0.196474,0.145882,0.3478,
241,3,26:03:00,3,46.988594,46.989951,47.012276,,,,8.5,7.5,8,,0.183025,0.597342,0.637239,
241,3,26:04:00,4,47.103855,47.088321,47.10324,,,,8.5,8,8,,0.032863,0.333683,0.56021,
241,3,26:05:00,5,,,47.253673,,,,,,7.5,,,,0.774454,
241,3,26:06:00,6,47.343367,47.335165,47.370874,,,,8.5,7.5,8,,0.201715,0.165311,0.579142,
241,3,26:07:00,7,47.44151,47.464642,,,,,8.5,8,,,0.134685,0.042754,,
241,3,26:08:00,8,47.563946,47.560183,47.539905,,,,8.5,8,7.5,,0.025693,0.196209,0.41097,
241,3,26:09:00,9,,47.69942,47.701,,,,,8,7.5,,,0.092516,0.696208,
241,3,26:10:00,10,47.801566,47.784702,47.821253,,,,8.5,8.5,8,,0.201294,0.144032,0.359278,
241,3,26:11:00,11,47.901374,47.909256,,,,,9,8.5,,,0.161583,0.153769,,
241,3,26:12:00,12,48.020714,48.012283,48.005703,,,,9,8.5,7.5,,0.02301,0.20371,0.498557,
241,3,26:13:00,13,,48.145256,48.161358,,,,,8.5,8,,,0.148237,0.26269,
241,3,26:14:00,14,48.255368,48.246929,48.277176,,,,9,8.5,8,,0.235203,0.122139,0.089485,
241,3,26:15:00,15,48.362802,48.368343,48.369753,,,,9,8.5,8,,0.098932,0.04249,0.638075,
241,3,26:16:00,16,48.478889,48.462385,48.454303,,,,9,8.5,8.5,,0.026458,0.206092,0.483005,
241,3,27:01:00,1,,48.596373,48.600998,,,,,8.5,8,,,0.161004,0.49538,
241,3,27:02:00,2,48.715669,48.707933,48.733897,,,,9,8.5,8,,0.193582,0.257681,0.658494,
241,3,27:03:00,3,48.824034,48.806628,,,,,9,8.5,,,0.251243,0.316717,,
241,3,27:04:00,4,48.936723,48.914627,48.915251,,,,9,8.5,8,,0.030098,0.494167,0.603409,
241,3,27:05:00,5,,,49.066591,,,,,,7.5,,,,0.566219,
241,3,27:06:00,6,49.164647,49.148268,49.188576,,,,9,8,7.5,,0.191381,0.212288,0.459995,
241,3,27:07:00,7,49.263652,49.265727,,,,,9,8.5,,,0.186016,0.159046,,
241,3,27:08:00,8,49.379751,49.37029,49.376362,,,,9,8.5,7,,0.476727,0.119117,0.294244,
241,3,27:09:00,9,,49.505314,49.538663,,,,,8.5,7.5,,,0.488944,0.399445,
241,3,27:10:00,10,49.61682,49.598727,49.651146,,,,8.5,8.5,7.5,,0.208159,0.240641,0.009739,
241,3,27:11:00,11,49.718696,49.719537,,,,,8.5,8.5,,,0.071363,0.198205,,
241,3,27:12:00,12,49.833307,49.828376,,,,,8.5,8.5,,,0.276846,0.422202,,
241,3,27:13:00,13,,49.964661,49.993995,,,,,8.5,7.5,,,0.424956,0.010404,
241,3,27:14:00,14,50.0737,50.067589,50.137626,,,,8,8.5,8,,0.168983,0.036249,0.613058,
241,3,27:15:00,15,50.169628,50.171368,,,,,8,8.5,,,0.137348,0.286897,,
241,3,27:16:00,16,50.291239,50.288623,50.336637,,,,8,8.5,7.5,,0.378967,0.175745,0.016762,
241,3,28:01:00,1,,50.428088,,,,,,8.5,,,,0.097173,,
241,3,28:02:00,2,50.529763,50.53128,,,,,7.5,8.5,,,0.172583,0.134974,,
241,3,28:03:00,3,50.637937,50.647599,,,,,7.5,8.5,,,0.222928,0.364087,,
241,3,28:04:00,4,50.753538,50.751053,50.753923,,,,7.5,8.5,7,,0.311012,0.03442,0.050196,
241,3,28:05:00,5,,50.884349,,,,,,8.5,,,,0.269034,,
241,3,28:06:00,6,50.982736,50.981248,50.993615,,,,7,8.5,7,,0.189475,0.1703,0.014942,
241,3,28:07:00,7,51.083429,51.116733,,,,,7,9,,,0.190944,0.05658,,
241,3,28:08:00,8,51.200687,51.211925,51.204405,,,,7,9,7,,0.490762,0.253667,0.065498,
241,3,28:09:00,9,,51.353125,51.351157,,,,,9,7.5,,,0.088851,0.023633,
241,3,28:10:00,10,51.435604,51.454486,,,,,6.5,9,,,0.245823,0.147722,,
241,3,28:11:00,11,51.540637,51.563052,,,,,7,9,,,0.301593,0.17518,,
241,3,28:12:00,12,51.654514,51.661379,51.658159,,,,7,9,8,,0.015719,0.185688,0.057249,
241,3,28:13:00,13,,51.795999,51.81757,,,,,9,8,,,0.14722,0.011963,
241,3,28:14:00,14,51.889661,51.89861,,,,,7,9,,,0.250219,0.108379,,
241,3,28:15:00,15,51.998037,52.024145,,,,,7.5,9,,,0.19461,0.036927,,
241,3,28:16:00,16,52.118875,52.111558,52.122756,,,,7.5,9,8.5,,0.712588,0.26787,0.048297,
241,3,29:01:00,1,,52.250562,52.26124,,,,,9,8.5,,,0.088989,0.036636,
241,3,29:02:00,2,52.348492,52.362226,,,,,7,9,,,0.193002,0.1298,,
241,3,29:03:00,3,52.454981,52.465477,,,,,7.5,9,,,0.213357,0.323276,,
241,3,29:04:00,4,52.574511,52.564324,52.574666,,,,7.5,9,9,,0.686063,0.053334,0.079395,
241,3,29:05:00,5,,52.699887,,,,,,9,,,,0.249251,,
241,3,29:06:00,6,52.803159,52.805455,52.813653,,,,7,9,8.5,,0.125503,0.177124,0.016375,
241,3,29:07:00,7,52.90873,52.93627,,,,,7.5,9,,,0.230635,0.052061,,
241,3,29:08:00,8,53.027931,53.020886,53.031752,,,,7.5,9,8.5,,0.295412,0.250894,0.053326,
241,3,29:09:00,9,,53.163847,53.17064,,,,,9,8.5,,,0.074383,0.015567,
241,3,29:10:00,10,53.261041,53.260043,,,,,7,9,,,0.185417,0.184274,,
241,3,29:11:00,11,53.35889,53.379447,,,,,7.5,9,,,0.195787,0.10777,,
241,3,29:12:00,12,53.479856,53.482833,53.483589,,,,7.5,9,8.5,,0.449031,0.213898,0.040661,
241,3,29:13:00,13,,53.62048,53.632298,,,,,9,8,,,0.09821,0.024242,
241,3,29:14:00,14,53.710364,53.728873,,,,,7,9,,,0.140659,0.068016,,
241,3,29:15:00,15,53.822617,53.847475,,,,,7,9,,,0.15519,0.197207,,
241,3,29:16:00,16,53.950065,,,,,,7,,,,0.374882,,,
241,3,30:01:00,1,,54.061664,,,,,,8.5,,,,0.485409,,
241,3,30:02:00,2,54.180478,,,,,,6.5,,,,0.14036,,,
241,3,30:03:00,3,54.284218,54.259183,54.285324,,,,7,8,7.5,,0.123697,0.065165,0.034925,
241,3,30:04:00,4,54.397226,,,,,,7,,,,0.56156,,,
241,3,30:05:00,5,,54.52711,,,,,,8,,,,0.331132,,
241,3,30:06:00,6,54.632124,54.621586,54.622404,,,,6.5,8,6.5,,0.160144,0.065633,0.007091,
241,3,30:07:00,7,54.735708,54.758017,,,,,7,8,,,0.225759,0.114822,,
241,3,30:08:00,8,54.852649,,,,,,7,,,,0.027869,,,
241,3,30:09:00,9,,54.985262,54.972428,,,,,7.5,7.5,,,0.208217,0.104431,
241,3,30:10:00,10,55.08682,55.08742,,,,,7,7.5,,,0.150639,0.374032,,
241,3,30:11:00,11,55.187757,55.193396,,,,,7.5,7.5,,,0.117892,0.116735,,
241,3,30:12:00,12,55.30272,55.298454,,,,,7.5,7.5,,,0.016677,0.500399,,
241,3,30:13:00,13,,55.421858,55.435935,,,,,7.5,7.5,,,0.511026,0.029601,
241,3,30:14:00,14,55.53805,55.537867,,,,,7.5,7.5,,,0.155117,0.43624,,
241,3,30:15:00,15,55.63898,,,,,,8,,,,0.131366,,,
241,3,30:16:00,16,55.756902,55.745536,,,,,8,7,,,0.764273,0.198347,,
241,3,31:01:00,1,,55.884363,,,,,,7,,,,0.155322,,
241,3,31:02:00,2,55.978578,55.978029,56.009004,,,,7.5,7.5,7,,0.125399,0.117952,0.020896,
241,3,31:03:00,3,56.08205,56.093959,,,,,8,7.5,,,0.151985,0.412169,,
241,3,31:04:00,4,56.198923,56.203633,,,,,8,8,,,0.696912,0.068914,,
241,3,31:05:00,5,,56.337351,56.347299,,,,,8,8,,,0.195927,0.537743,
241,3,31:06:00,6,56.429948,56.428696,56.474959,,,,7.5,8,8.5,,0.133248,0.149382,0.384054,
241,3,31:07:00,7,56.528588,56.548967,,,,,8,8,,,0.165313,0.034986,,
241,3,31:08:00,8,56.652171,56.639764,56.636595,,,,8,8,8.5,,0.01975,0.198523,0.330241,
241,3,31:09:00,9,,56.796289,56.793519,,,,,8,8.5,,,0.03825,0.397691,
241,3,31:10:00,10,56.897466,56.893501,56.915051,,,,8,8.5,8.5,,0.157762,0.145315,0.310931,
241,3,31:11:00,11,56.994582,57.005517,,,,,8,8.5,,,0.177501,0.156091,,
241,3,31:12:00,12,57.110247,57.098918,57.101865,,,,8,8.5,8,,0.399159,0.204469,0.514937,
241,3,31:13:00,13,,57.241443,57.271456,,,,,8.5,8,,,0.077522,0.008538,
241,3,31:14:00,14,57.351953,57.343227,,,,,7.5,8.5,,,0.195594,0.063601,,
241,3,31:15:00,15,57.454923,57.465771,,,,,7.5,8.5,,,0.171571,0.20449,,
241,3,31:16:00,16,57.572779,,57.554423,,,,7.5,,7.5,,0.031033,,0.595139,
241,3,32:01:00,1,,57.69864,57.704695,,,,,8.5,7.5,,,0.30154,0.069864,
241,3,32:02:00,2,57.799713,57.825089,,,,,7.5,8.5,,,0.16214,0.133356,,
241,3,32:03:00,3,57.902262,57.928915,,,,,8,8.5,,,0.166235,0.270953,,
241,3,32:04:00,4,58.017676,58.023799,58.039789,,,,8,8.5,8,,0.535633,0.174455,0.045981,
241,3,32:05:00,5,,58.145399,,,,,,8.5,,,,0.486513,,
241,3,32:06:00,6,58.245294,58.244165,58.273524,,,,7.5,8.5,7,,0.141977,0.283525,0.051815,
241,3,32:07:00,7,58.353628,58.370416,,,,,8,8.5,,,0.155983,0.090424,,
241,3,32:08:00,8,58.470599,58.47389,,,,,8,8.5,,,0.514274,0.101283,,
241,3,32:09:00,9,,58.604677,58.624819,,,,,8.5,7,,,0.425136,0.028052,
241,3,32:10:00,10,58.70543,58.696409,,,,,7.5,8.5,,,0.165137,0.118949,,
241,3,32:11:00,11,58.810203,58.825264,,,,,7.5,8.5,,,0.13111,0.108711,,
241,3,32:12:00,12,58.931235,58.927115,58.931061,,,,7.5,8.5,7.5,,0.398654,0.406584,0.047318,
241,3,32:13:00,13,,59.071531,59.07981,,,,,8.5,8,,,0.038906,0.024133,
241,3,32:14:00,14,59.167384,,,,,,7,,,,0.143664,,,
241,3,32:15:00,15,59.266838,59.289541,,,,,7.5,8.5,,,0.135647,0.060427,,
241,3,32:16:00,16,59.390818,59.400757,59.407523,,,,7.5,8.5,8.5,,0.019487,0.272069,0.464391,
241,3,33:01:00,1,,59.542346,59.550139,,,,,8.5,8.5,,,0.098016,0.409781,
241,3,33:02:00,2,59.625479,,59.663079,,,,7.5,,8.5,,0.144801,,0.037062,
241,3,33:03:00,3,59.735566,59.753901,,,,,7.5,8.5,,,0.147642,0.288965,,
241,3,33:04:00,4,59.858399,59.855578,59.840912,,,,7.5,8.5,8.5,,0.453084,0.077352,0.056635,
241,3,33:05:00,5,,59.992658,,,,,,8.5,,,,0.509553,,
241,3,33:06:00,6,60.099887,60.074605,60.074807,,,,7,8.5,7.5,,0.165588,0.181474,0.017337,
241,3,33:07:00,7,60.200305,60.202347,,,,,7.5,8.5,,,0.150688,0.138039,,
241,3,33:08:00,8,60.31683,60.30208,60.305266,,,,7.5,8.5,8,,0.015229,0.288161,0.052345,
241,3,33:09:00,9,,60.437931,60.439336,,,,,8.5,8,,,0.154884,0.0424,
241,3,33:10:00,10,60.552143,,,,,,7.5,,,,0.138093,,,
241,3,33:11:00,11,60.648302,60.651935,,,,,8,8,,,0.110894,0.151314,,
241,3,33:12:00,12,60.767484,60.74767,60.752123,,,,8,8,8.5,,0.609631,0.362081,0.053246,
241,3,33:13:00,13,,60.887535,60.908037,,,,,8,8,,,0.251383,0.029431,
241,3,33:14:00,14,60.995722,,,,,,7.5,,,,0.107835,,,
241,3,33:15:00,15,61.097799,61.110078,,,,,8,7.5,,,0.112521,0.08462,,
241,3,33:16:00,16,61.223969,61.218947,61.224822,,,,8,7.5,7.5,,0.023757,0.237444,0.29869,
241,3,34:01:00,1,,61.35901,61.35446,,,,,7.5,7.5,,,0.107026,0.240627,
241,3,34:02:00,2,61.456387,,61.479864,,,,8,,7.5,,0.127637,,0.047154,
241,3,34:03:00,3,61.557213,61.576747,,,,,8,7,,,0.128664,0.367888,,
241,3,34:04:00,4,61.675557,61.669328,61.691672,,,,8,7.5,7,,0.558635,0.125784,0.036026,
241,3,34:05:00,5,,,,,,,,,,,,,,
241,3,34:06:00,6,61.906066,61.897664,61.910259,,,,7.5,7,7.5,,0.117867,0.222797,0.009655,
241,3,34:07:00,7,62.007863,62.028437,,,,,8,7,,,0.109738,0.296441,,
241,3,34:08:00,8,62.128623,,62.132428,,,,8,,8,,0.61118,,0.058352,
241,3,34:09:00,9,,62.262848,62.269314,,,,,6.5,8,,,0.069889,0.03315,
241,3,34:10:00,10,62.364304,62.361318,,,,,7.5,6.5,,,0.109364,0.173037,,
241,3,34:11:00,11,62.466064,62.47707,,,,,7.5,6.5,,,0.119419,0.105287,,
241,3,34:12:00,12,62.581173,62.580162,62.586034,,,,7.5,7,7.5,,0.529156,0.271555,0.051733,
241,3,34:13:00,13,,62.714161,62.727262,,,,,7,7.5,,,0.059658,0.023251,
241,3,34:14:00,14,62.82302,62.820819,,,,,7,7,,,0.130694,0.067374,,
241,3,34:15:00,15,62.919972,62.94376,,,,,7.5,7,,,0.126616,0.269515,,
241,3,34:16:00,16,63.040354,,63.04182,,,,7.5,,7,,0.498949,,0.241262,
241,3,35:01:00,1,,63.171685,63.183332,,,,,7,7.5,,,0.061533,0.291243,
241,3,35:02:00,2,63.279198,63.279912,63.311803,,,,7,7,7.5,,0.123467,0.137268,0.387985,
241,3,35:03:00,3,63.373484,63.389012,,,,,7,7,,,0.175341,0.291149,,
241,3,35:04:00,4,63.48998,63.492133,63.490599,,,,7,7.5,7,,0.015338,0.039131,0.321969,
241,3,35:05:00,5,,63.626013,63.642422,,,,,7.5,7.5,,,0.18102,0.351805,
241,3,35:06:00,6,63.731736,63.733663,,,,,7,7.5,,,0.124588,0.166845,,
241,3,35:07:00,7,63.82184,63.855299,,,,,7.5,8,,,0.130346,0.040349,,
241,3,35:08:00,8,63.944829,,63.957817,,,,7.5,,6.5,,0.435612,,0.319277,
241,3,35:09:00,9,,64.091357,64.097886,,,,,8,6.5,,,0.162387,0.258227,
241,3,35:10:00,10,64.195991,,64.217681,,,,7,,6.5,,0.135899,,0.42548,
241,3,35:11:00,11,64.295774,64.309914,,,,,7.5,8,,,0.158272,0.135239,,
241,3,35:12:00,12,64.415554,64.404388,64.391332,,,,7.5,8,6,,0.017558,0.198286,0.436114,
241,3,35:13:00,13,,64.546408,64.562481,,,,,8,6.5,,,0.112929,0.006272,
241,3,35:14:00,14,64.658483,64.649868,,,,,7.5,8,,,0.138646,0.076746,,
241,3,35:15:00,15,64.755854,64.768165,,,,,8,8,,,0.124545,0.031712,,
241,3,35:16:00,16,64.873093,,64.86636,,,,8,,6,,0.016031,,0.375091,
241,3,36:01:00,1,,64.995906,65.018342,,,,,8,6.5,,,0.376031,0.318547,
241,3,36:02:00,2,65.111395,65.115253,65.138272,,,,8,8.5,6.5,,0.126789,0.242743,0.412345,
241,3,36:03:00,3,65.206047,65.222599,,,,,8.5,8.5,,,0.130435,0.150815,,
241,3,36:04:00,4,65.324252,65.327664,65.31961,,,,8.5,8.5,6,,0.022255,0.054522,0.472693,
241,3,36:05:00,5,,65.470683,65.466312,,,,,8.5,6.5,,,0.493468,0.630869,
241,3,36:06:00,6,65.568106,65.557111,65.586775,,,,8.5,8.5,6.5,,0.103171,0.285993,0.012294,
241,3,36:07:00,7,65.650871,65.683035,,,,,9,8.5,,,0.132792,0.105401,,
241,3,36:08:00,8,65.773675,65.779164,65.781737,,,,8.5,8.5,7,,0.544086,0.231243,0.305053,
241,3,36:09:00,9,,65.911294,65.933439,,,,,8.5,7.5,,,0.380506,0.491359,
241,3,36:10:00,10,66.026386,66.009945,66.054961,,,,8,8.5,7.5,,0.118972,0.193517,0.408712,
241,3,36:11:00,11,66.118412,66.129521,,,,,8.5,8.5,,,0.129768,0.079113,,
241,3,36:12:00,12,66.238075,66.246649,66.230692,,,,8.5,9,7,,0.024682,0.411623,0.487135,
241,3,36:13:00,13,,66.371375,66.396948,,,,,9,7,,,0.387344,0.314067,
241,3,36:14:00,14,66.486448,,66.481297,,,,8.5,,7.5,,0.120788,,0.029478,
241,3,36:15:00,15,66.581825,66.581443,,,,,8.5,8.5,,,0.095809,0.157315,,
241,3,36:16:00,16,66.694959,66.691416,66.684235,,,,8.5,8.5,8.5,,0.026797,0.182179,0.466102,
241,3,37:01:00,1,,66.834298,66.838601,,,,,8.5,8.5,,,0.091617,0.342698,
241,3,37:02:00,2,66.946715,,66.960608,,,,8.5,,8.5,,0.088692,,0.402434,
241,3,37:03:00,3,67.037058,67.061385,,,,,8.5,8,,,0.219767,0.359782,,
241,3,37:04:00,4,67.155725,67.155115,67.142452,,,,8.5,8,8,,0.655479,0.03516,0.344962,
241,3,37:05:00,5,,67.28921,67.292748,,,,,8,8.5,,,0.280891,0.383061,
241,3,37:06:00,6,67.391513,67.388178,67.405235,,,,8,8,8.5,,0.078831,0.180133,0.045566,
241,3,37:07:00,7,67.488508,67.518534,,,,,8,8,,,0.215859,0.052705,,
241,3,37:08:00,8,67.603083,67.597236,67.604263,,,,8,8,9,,0.020539,0.216343,0.313139,
241,3,37:09:00,9,,67.754948,67.751157,,,,,8,9,,,0.052754,0.380191,
241,3,37:10:00,10,67.861005,67.84088,67.878555,,,,8,8,9,,0.097488,0.174527,0.158784,
241,3,37:11:00,11,67.943849,67.969444,,,,,8.5,8,,,0.192222,0.139942,,
241,3,37:12:00,12,68.052568,68.068454,68.044228,,,,8.5,8,9,,0.597937,0.179788,0.338948,
241,3,37:13:00,13,,68.205957,68.219192,,,,,8,9,,,0.083444,0.182724,
241,3,37:14:00,14,68.30831,68.306785,68.330695,,,,8,8,9,,0.118466,0.084797,0.142217,
241,3,37:15:00,15,68.407838,68.423611,68.411605,,,,8,8,9,,0.131686,0.270789,0.412166,
241,3,37:16:00,16,68.520329,,68.517076,,,,8,,9,,0.017433,,0.420081,
241,3,38:01:00,1,,68.652948,68.660854,,,,,8,8.5,,,0.04811,0.373982,
241,3,38:02:00,2,68.770919,68.753145,68.799921,,,,8,8,8.5,,0.113533,0.083879,0.307435,
241,3,38:03:00,3,68.872048,68.872233,,,,,8,8,,,0.117265,0.309377,,
241,3,38:04:00,4,68.986189,68.971857,68.973476,,,,8,8.5,8,,0.016753,0.066867,0.416675,
241,3,38:05:00,5,,69.106342,69.125325,,,,,8.5,8.5,,,0.243098,0.204138,
241,3,38:06:00,6,69.222942,69.209197,69.24967,,,,8,8.5,8.5,,0.121753,0.181416,0.446353,
241,3,38:07:00,7,69.319556,69.336052,,,,,8.5,8.5,,,0.129523,0.054128,,
241,3,38:08:00,8,69.434163,69.423274,69.428702,,,,8.5,8.5,8,,0.411735,0.208229,0.120667,
241,3,38:09:00,9,,69.57185,69.587181,,,,,8.5,7.5,,,0.065817,0.419394,
241,3,38:10:00,10,69.679399,69.676887,69.697283,,,,8,8.5,7.5,,0.130335,0.179126,0.259138,
241,3,38:11:00,11,69.788118,69.797026,,,,,8,8.5,,,0.113302,0.130393,,
241,3,38:12:00,12,69.908846,69.903745,69.873027,,,,8,8.5,7.5,,0.020648,0.248864,0.463048,
241,3,38:13:00,13,,70.030727,70.037883,,,,,8.5,7.5,,,0.084173,0.006061,
241,3,38:14:00,14,70.133174,70.134341,,,,,8,8.5,,,0.130573,0.102711,,
241,3,38:15:00,15,70.239425,70.248808,,,,,8.5,8.5,,,0.114201,0.166345,,
241,3,38:16:00,16,70.343442,,,,,,8.5,,,,0.018552,,,
241,3,39:01:00,1,,70.478635,70.500257,,,,,8,7,,,0.315662,0.049778,
241,3,39:02:00,2,70.588198,70.591568,,,,,8.5,8.5,,,0.089008,0.390217,,
241,3,39:03:00,3,70.693296,70.703982,,,,,8.5,8.5,,,0.153247,0.0563,,
241,3,39:04:00,4,70.808478,70.818372,70.823942,,,,8.5,8.5,6,,0.319464,0.099564,0.052735,
241,3,39:05:00,5,,70.939291,,,,,,8.5,,,,0.357131,,
241,3,39:06:00,6,71.044904,71.021049,71.060754,,,,8,8.5,6,,0.093486,0.278054,0.050657,
241,3,39:07:00,7,71.152792,71.152119,,,,,8,8.5,,,0.12794,0.119327,,
241,3,39:08:00,8,71.25948,71.262668,71.263349,,,,8,8.5,6,,0.246548,0.136778,0.075787,
241,3,39:09:00,9,,71.403466,71.415426,,,,,8.5,6.5,,,0.376319,0.01123,
241,3,39:10:00,10,71.505766,71.490697,,,,,7.5,8.5,,,0.094789,0.177271,,
241,3,39:11:00,11,71.60406,71.618788,,,,,8,8.5,,,0.120375,0.047224,,
241,3,39:12:00,12,71.719324,71.718084,71.723237,,,,8,8.5,6.5,,0.015747,0.474702,0.064138,
241,3,39:13:00,13,,71.854488,71.866857,,,,,8.5,7,,,0.03865,0.015944,
241,3,39:14:00,14,71.972436,,,,,,8,,,,0.088922,,,
241,3,39:15:00,15,72.065587,72.066035,,,,,8,8.5,,,0.107413,0.149507,,
241,3,39:16:00,16,72.182345,72.176087,72.176475,,,,8,8.5,7,,0.44126,0.208759,0.043808,
241,3,40:01:00,1,,72.312432,,,,,,8.5,,,,0.102928,,
241,3,40:02:00,2,72.419694,,72.420698,,,,7.5,,7,,0.138347,,0.120955,
241,3,40:03:00,3,72.527106,72.535394,72.527671,,,,7.5,8.5,7.5,,0.139869,0.249436,0.292227,
241,3,40:04:00,4,72.636186,72.633605,72.641475,,,,7.5,8.5,8,,0.365152,0.447902,0.37757,
241,3,40:05:00,5,,,,,,,,,,,,,,
241,3,40:06:00,6,72.873446,72.85836,72.878991,,,,7,8,8,,0.128823,0.030212,0.023244,
241,3,40:07:00,7,72.968374,,,,,,7.5,,,,0.142412,,,
241,3,40:08:00,8,73.086299,73.078183,,,,,7.5,8,,,0.317597,0.221457,,
241,3,40:09:00,9,,73.214509,,,,,,8,,,,0.161486,,
241,3,40:10:00,10,73.328195,,,,,,7,,,,0.146816,,,
241,3,40:11:00,11,73.430807,73.438798,73.412694,,,,7.5,7.5,7.5,,0.128787,0.080651,0.679296,
241,3,40:12:00,12,73.5395,73.543147,,,,,7.5,7.5,,,0.050144,0.246478,,
241,3,40:13:00,13,,73.680244,73.683634,,,,,7.5,6.5,,,0.126405,0.591889,
241,3,40:14:00,14,73.782413,73.777318,,,,,7.5,7.5,,,0.127107,0.094824,,
241,3,40:15:00,15,73.876736,73.903104,,,,,7.5,7.5,,,0.14515,0.302048,,
241,3,40:16:00,16,74.002333,,74.002028,,,,7.5,,5.5,,0.016028,,0.475645,
241,3,41:01:00,1,,74.132277,,,,,,7,,,,0.058483,,
241,3,41:02:00,2,74.2476,74.236091,74.253662,,,,7.5,7,5.5,,0.093866,0.100041,0.071474,
241,3,41:03:00,3,74.338587,74.351041,,,,,8,7,,,0.119897,0.393864,,
241,3,41:04:00,4,74.45144,74.450395,,,,,8,7.5,,,0.346413,0.034844,,
241,3,41:05:00,5,,74.584366,,,,,,7.5,,,,0.323616,,
241,3,41:06:00,6,74.692812,74.692189,74.730052,,,,7.5,7.5,5,,0.12505,0.158563,0.008816,
241,3,41:07:00,7,74.795241,74.82076,,,,,8,8,,,0.134957,0.172605,,
241,3,41:08:00,8,74.916947,,,,,,8,,,,0.021723,,,
241,3,41:09:00,9,,75.046539,75.032535,,,,,7.5,5.5,,,0.031397,0.198404,
241,3,41:10:00,10,75.165723,,,,,,8,,,,0.094346,,,
241,3,41:11:00,11,75.255809,75.254466,75.261555,,,,8.5,7.5,6,,0.116859,0.14463,0.377447,
241,3,41:12:00,12,75.376808,75.351149,,,,,8.5,8,,,0.024054,0.715629,,
241,3,41:13:00,13,,75.490781,75.511859,,,,,8,5.5,,,0.042779,0.274144,
241,3,41:14:00,14,75.614342,75.588426,,,,,8.5,8,,,0.116648,0.215388,,
241,3,41:15:00,15,75.70394,75.73002,,,,,8.5,8,,,0.121194,0.04634,,
241,3,41:16:00,16,75.822178,75.835452,75.81457,,,,8.5,8,5.5,,0.381587,0.216446,0.615315,
241,3,42:01:00,1,,75.95835,,,,,,8,,,,0.100724,,
241,3,42:02:00,2,76.063069,76.066629,76.071,,,,8,8.5,5.5,,0.108894,0.059327,0.071642,
241,3,42:03:00,3,76.165516,76.184229,,,,,8,8.5,,,0.126654,0.422849,,
241,3,42:04:00,4,76.281167,76.275764,,,,,8,8.5,,,0.311092,0.296047,,
241,3,42:05:00,5,,,76.371091,,,,,,5.5,,,,0.437202,
241,3,42:06:00,6,76.505445,76.517835,76.530457,,,,7.5,8,5.5,,0.115483,0.167269,0.557148,
241,3,42:07:00,7,76.601688,76.643908,,,,,8,8,,,0.133846,0.041917,,
241,3,42:08:00,8,76.727762,76.728795,76.724009,,,,8,8,6,,0.416501,0.203393,0.200416,
241,3,42:09:00,9,,76.87035,,,,,,8,,,,0.07724,,
241,3,42:10:00,10,76.964763,76.9578,76.964307,,,,7.5,8.5,5.5,,0.147946,0.144147,0.363262,
241,3,42:11:00,11,77.065822,77.086481,77.071205,,,,7.5,8.5,5.5,,0.131034,0.122915,0.238115,
241,3,42:12:00,12,77.182442,77.183433,,,,,7.5,8.5,,,0.026383,0.193161,,
241,3,42:13:00,13,,77.319768,77.311105,,,,,8.5,5.5,,,0.054377,0.009922,
241,3,42:14:00,14,77.424881,,,,,,7.5,,,,0.134582,,,
241,3,42:15:00,15,77.533565,,,,,,7.5,,,,0.095146,,,
241,3,42:16:00,16,77.650705,,77.631294,,,,7.5,,6.5,,0.367616,,0.261114,
241,3,43:01:00,1,,77.747374,77.776539,,,,,8.5,7,,,0.711845,0.442655,
241,3,43:02:00,2,77.882946,,,,,,7,,,,0.13775,,,
241,3,43:03:00,3,77.987609,77.976043,77.989712,,,,7.5,8,7,,0.139768,0.068114,0.096215,
241,3,43:04:00,4,78.101166,,78.126099,,,,7.5,,7,,0.38194,,0.299337,
241,3,43:05:00,5,,,,,,,,,,,,,,
241,3,43:06:00,6,78.336307,78.333706,78.298507,,,,7,7.5,7,,0.119928,0.192094,0.280776,
241,3,43:07:00,7,78.431167,78.446565,78.436875,,,,7.5,8,6.5,,0.137974,0.147317,0.286426,
241,3,43:08:00,8,78.552842,78.535364,,,,,7.5,8,,,0.016177,0.119266,,
241,3,43:09:00,9,,78.675305,78.658226,,,,,8,6.5,,,0.523367,0.39659,
241,3,43:10:00,10,78.781515,78.772603,,,,,7.5,8,,,0.151047,0.054696,,
241,3,43:11:00,11,78.88355,,78.886353,,,,8,,6.5,,0.181492,,0.326732,
241,3,43:12:00,12,78.994856,78.996852,,,,,8,8,,,0.016827,0.361737,,
241,3,43:13:00,13,,79.133899,79.123844,,,,,8,6,,,0.489932,0.312979,
241,3,43:14:00,14,79.23959,,79.226806,,,,8,,6.5,,0.23658,,0.761671,
241,3,43:15:00,15,79.346302,79.334708,,,,,8,7.5,,,0.195102,0.07273,,
241,3,43:16:00,16,79.463786,79.426924,79.445014,,,,8,7.5,6,,0.032137,0.232428,0.133103,
241,3,44:01:00,1,,79.570178,,,,,,7.5,,,,0.127475,,
241,3,44:02:00,2,79.682149,79.679021,79.730264,,,,8,7.5,6,,0.2308,0.123959,0.601099,
241,3,44:03:00,3,79.79403,79.79156,,,,,8.5,7.5,,,0.405728,0.734986,,
241,3,44:04:00,4,79.909006,79.882641,79.914337,,,,8.5,8,6,,0.515894,0.356093,0.468253,
241,3,44:05:00,5,,,,,,,,,,,,,,
241,3,44:06:00,6,80.12822,80.117719,80.150001,,,,8,8,5.5,,0.27144,0.217337,0.554325,
241,3,44:07:00,7,80.24072,80.243747,,,,,8.5,8.5,,,0.351016,0.05327,,
241,3,44:08:00,8,80.353852,80.33109,80.360519,,,,8.5,8.5,5.5,,0.480639,0.249087,0.666582,
241,3,44:09:00,9,,80.473975,,,,,,8,,,,0.084095,,
241,3,44:10:00,10,80.582426,80.572552,80.607144,,,,8,8,5.5,,0.278645,0.126264,0.466677,
241,3,44:11:00,11,80.692012,80.681514,,,,,8,8,,,0.191342,0.328763,,
241,3,44:12:00,12,80.810438,80.788186,80.808951,,,,8,8,5.5,,0.307155,0.437632,0.438558,
241,3,44:13:00,13,,80.927872,,,,,,8,,,,0.791953,,
241,3,44:14:00,14,81.038477,81.021899,81.054452,,,,7.5,8,5.5,,0.269444,0.736623,0.461045,
241,3,44:15:00,15,81.146844,81.154111,,,,,7.5,8,,,0.259632,0.461866,,
241,3,44:16:00,16,81.26344,,81.253372,,,,7.5,,5,,0.385355,,0.491794,
241,3,45:01:00,1,,81.378761,,,,,,8,,,,0.149622,,
241,3,45:02:00,2,81.47832,81.480105,81.516232,,,,7,8,5,,0.274871,0.045606,0.44646,
241,3,45:03:00,3,81.590639,81.596403,81.605335,,,,7,8,5.5,,0.308121,1.001334,0.763956,
241,3,45:04:00,4,81.697195,81.68468,81.696335,,,,7,8,5.5,,0.018416,0.35628,0.442405,
241,3,45:05:00,5,,,81.83922,,,,,,5.5,,,,1.001707,
241,3,45:06:00,6,81.920803,81.911266,81.95168,,,,7,7.5,5.5,,0.354735,0.230376,0.467174,
241,3,45:07:00,7,82.024798,82.028518,,,,,7.5,8,,,0.464472,0.346113,,
241,3,45:08:00,8,82.138748,,82.125417,,,,7.5,,6,,0.488994,,0.009101,
241,3,45:09:00,9,,82.260609,82.278471,,,,,7.5,6.5,,,0.073029,0.471971,
241,3,45:10:00,10,82.363478,,82.389743,,,,7,,6.5,,0.400354,,0.402176,
241,3,45:11:00,11,82.469851,82.467636,,,,,7.5,8,,,0.29114,0.304861,,
241,3,45:12:00,12,82.586202,82.569392,82.571232,,,,7.5,8,7,,0.407475,0.3099,0.50268,
241,3,45:13:00,13,,82.699645,82.729291,,,,,7.5,7,,,0.145702,0.41519,
241,3,45:14:00,14,82.810924,,82.83323,,,,7,,7,,0.375339,,0.137564,
241,3,45:15:00,15,82.913359,82.923083,82.923658,,,,7.5,7.5,7.5,,0.310735,0.457588,0.437908,
241,3,45:16:00,16,83.034345,,83.017223,,,,8,,8,,0.028016,,0.522404,
241,3,46:01:00,1,,83.143987,83.156138,,,,,7,8,,,0.081632,0.418937,
241,3,46:02:00,2,83.260356,83.235687,83.283062,,,,8,7,8,,0.245439,0.096286,0.339685,
241,3,46:03:00,3,83.361428,83.360655,83.36208,,,,8,7.5,8.5,,0.335847,0.753372,0.629262,
241,3,46:04:00,4,83.473525,83.451455,83.460857,,,,8.5,7.5,9,,0.400526,0.31358,0.309284,
241,3,46:05:00,5,,,83.60152,,,,,,9,,,,0.806694,
241,3,46:06:00,6,83.694371,83.688942,83.712159,,,,8,6.5,8.5,,0.308944,0.172505,0.375464,
241,3,46:07:00,7,83.797666,83.802238,,,,,8,7,,,0.308807,0.240943,,
241,3,46:08:00,8,83.913901,,83.896284,,,,8,,8.5,,0.455736,,0.30023,
241,3,46:09:00,9,,84.013252,84.039669,,,,,7,8.5,,,0.152838,0.469051,
241,3,46:10:00,10,84.140356,84.124871,84.150183,,,,7,7,8.5,,0.257884,0.123822,0.007685,
241,3,46:11:00,11,84.240011,84.234816,,,,,7.5,7.5,,,0.237251,0.338909,,
241,3,46:12:00,12,84.355749,84.335323,84.333048,,,,8,7.5,8.5,,0.017126,0.275095,0.657394,
241,3,46:13:00,13,,84.456892,84.48961,,,,,7.5,8.5,,,0.180732,0.267016,
241,3,46:14:00,14,84.58225,,84.58983,,,,8,,8.5,,0.213671,,0.145741,
241,3,46:15:00,15,84.678604,84.67879,84.691182,,,,8,7,9,,0.150153,0.516672,0.31864,
241,3,46:16:00,16,84.786926,,84.774671,,,,8.5,,9,,0.028252,,0.54081,
241,3,47:01:00,1,,84.907617,84.912712,,,,,7,9,,,0.041945,0.345038,
241,3,47:02:00,2,85.014677,,85.042824,,,,8.5,,8.5,,0.235226,,0.717459,
241,3,47:03:00,3,85.118735,85.129672,,,,,8.5,7.5,,,0.124635,0.730966,,
241,3,47:04:00,4,85.224009,85.217574,85.227309,,,,8.5,7.5,8.5,,0.484305,0.207528,0.477392,
241,3,47:05:00,5,,,85.366518,,,,,,8,,,,0.675406,
241,3,47:06:00,6,85.446105,85.444227,85.472755,,,,8,7,8,,0.195676,0.163914,0.357379,
241,3,47:07:00,7,85.551688,85.558588,,,,,8,7,,,0.148266,0.369567,,
241,3,47:08:00,8,85.668767,,85.669061,,,,8.5,,8,,0.386422,,0.336925,
241,3,47:09:00,9,,85.777144,85.809667,,,,,7,8,,,0.13429,0.269,
241,3,47:10:00,10,85.901029,85.874387,85.931175,,,,8,7,8,,0.20368,0.196716,0.011293,
241,3,47:11:00,11,86.005552,85.993161,,,,,8,7.5,,,0.118734,0.272846,,
241,3,47:12:00,12,86.114994,86.094483,86.115101,,,,8.5,7.5,8.5,,0.020001,0.354567,0.559948,
241,3,47:13:00,13,,86.22491,86.26665,,,,,7.5,8,,,0.140883,0.167045,
241,3,47:14:00,14,86.346675,,86.372079,,,,8.5,,8,,0.250043,,0.107241,
241,3,47:15:00,15,86.455078,86.453509,86.449455,,,,8.5,7,8.5,,0.165231,0.31701,0.378551,
241,3,47:16:00,16,86.564206,,86.554368,,,,8.5,,8.5,,0.024745,,0.384081,
241,3,48:01:00,1,,86.689193,86.690153,,,,,6.5,8.5,,,0.043782,0.012885,
241,3,48:02:00,2,86.804627,86.770032,,,,,8,7,,,0.156816,0.077765,,
241,3,48:03:00,3,86.899496,86.90452,,,,,8.5,7.5,,,0.178419,0.545508,,
241,3,48:04:00,4,87.01358,86.993065,86.996062,,,,8.5,7.5,8.5,,0.764994,0.338141,0.116971,
241,3,48:05:00,5,,,,,,,,,,,,,,
241,3,48:06:00,6,87.237418,87.225807,87.252638,,,,7.5,6.5,8,,0.207601,0.223506,0.060064,
241,3,48:07:00,7,87.344361,87.34488,87.350318,,,,8,7,8.5,,0.212001,0.318993,0.0185,
241,3,48:08:00,8,87.450622,,,,,,8,,,,0.747512,,,
241,3,48:09:00,9,,87.571701,,,,,,6.5,,,,0.054308,,
241,3,48:10:00,10,87.689231,,87.693049,,,,7.5,,8.5,,0.181103,,0.00886,
241,3,48:11:00,11,87.79061,87.789546,,,,,8,7,,,0.201219,0.249243,,
241,3,48:12:00,12,87.901339,87.875776,,,,,8,7,,,0.623032,0.271102,,
241,3,48:13:00,13,,88.011134,88.032777,,,,,7,8.5,,,0.134223,0.030771,
241,3,48:14:00,14,88.137825,88.117166,,,,,7.5,7,,,0.203621,0.116669,,
241,3,48:15:00,15,88.230552,88.240906,,,,,8,7,,,0.170322,0.349508,,
241,3,48:16:00,16,88.337761,,88.336433,,,,8,,9,,0.953218,,0.063724,
241,3,49:01:00,1,,88.466445,88.484249,,,,,7,8.5,,,0.059063,0.04617,
241,3,49:02:00,2,88.566656,,,,,,7,,,,0.23083,,,
241,3,49:03:00,3,88.676129,88.678719,,,,,7.5,8,,,0.173859,0.557647,,
241,3,49:04:00,4,88.786125,88.774638,88.783811,,,,7.5,7.5,9,,0.811432,0.244941,0.075113,
241,3,49:05:00,5,,,,,,,,,,,,,,
241,3,49:06:00,6,89.011051,89.005799,89.015236,,,,7,7,8,,0.199502,0.227763,0.017559,
241,3,49:07:00,7,89.11574,89.126369,,,,,7,7.5,,,0.166375,0.071065,,
241,3,49:08:00,8,89.233215,89.207391,89.236234,,,,7.5,8,9,,0.792862,0.303314,0.082851,
241,3,49:09:00,9,,89.352373,89.3802,,,,,7.5,8.5,,,0.054704,0.028315,
241,3,49:10:00,10,89.45229,,,,,,6.5,,,,0.122401,,,
241,3,49:11:00,11,89.566905,89.561849,,,,,7,8.5,,,0.137009,0.278045,,
241,3,49:12:00,12,89.680505,89.656778,89.678829,,,,7.5,8.5,9,,0.757944,0.566402,0.08042,
241,3,49:13:00,13,,89.792281,89.822499,,,,,8,8.5,,,0.72369,0.033026,
241,3,49:14:00,14,89.911228,89.894315,,,,,6.5,8,,,0.169291,0.358854,,
241,3,49:15:00,15,90.007267,89.999315,,,,,7,8.5,,,0.125227,0.217314,,
241,3,49:16:00,16,90.122827,90.109211,90.118453,,,,7.5,8.5,9,,0.736315,0.254075,0.060817,
241,3,50:01:00,1,,90.235155,90.247835,,,,,8.5,8.5,,,0.191659,0.058271,
241,3,50:02:00,2,90.348729,90.326653,,,,,6.5,8.5,,,0.124918,0.102008,,
241,3,50:03:00,3,90.445831,90.445376,,,,,7,9,,,0.153338,0.659553,,
241,3,50:04:00,4,90.555351,90.540502,90.555211,,,,7.5,9,8.5,,0.895414,0.404644,0.052729,
241,3,50:05:00,5,,,,,,,,,,,,,,
241,3,50:06:00,6,90.777499,90.772659,,,,,7,8.5,,,0.238222,0.257957,,
241,3,50:07:00,7,90.885015,90.894116,90.904537,,,,7,8.5,8,,0.308005,0.08844,0.016996,
241,3,50:08:00,8,91.000914,90.979141,,,,,7.5,9,,,1.000925,0.374538,,
241,3,50:09:00,9,,91.120881,,,,,,9,,,,0.115406,,
241,3,50:10:00,10,91.224426,91.214137,91.270452,,,,7,8.5,8.5,,0.220829,0.219157,0.006443,
241,3,50:11:00,11,91.324692,91.330215,,,,,7,9,,,0.152823,0.29028,,
241,3,50:12:00,12,91.443009,91.422618,,,,,7.5,9,,,0.015355,0.262678,,
241,3,50:13:00,13,,91.557874,91.593953,,,,,9,9,,,0.201122,0.034,
241,3,50:14:00,14,91.668629,91.666674,,,,,7.5,8.5,,,0.174784,0.147811,,
241,3,50:15:00,15,91.760872,91.787431,,,,,7.5,9,,,0.221841,0.061076,,
241,3,50:16:00,16,91.874682,91.876309,91.87838,,,,8,9,9.5,,0.716898,0.364308,0.041756,
241,3,51:01:00,1,,92.002798,,,,,,8.5,,,,0.114715,,
241,3,51:02:00,2,92.108878,92.107792,,,,,7.5,9,,,0.223796,0.095623,,
241,3,51:03:00,3,92.211712,92.216471,92.22488,,,,7.5,9,9,,0.197044,0.475999,0.077738,
241,3,51:04:00,4,92.322131,92.313731,,,,,8,9,,,0.872521,0.277799,,
241,3,51:05:00,5,,,,,,,,,,,,,,
241,3,51:06:00,6,92.540921,92.54763,92.54485,,,,7.5,8,10,,0.200705,0.19275,0.007163,
241,3,51:07:00,7,92.650057,92.664034,,,,,7.5,8.5,,,0.165461,0.054742,,
241,3,51:08:00,8,92.767945,92.741329,,,,,8,9,,,0.618021,0.288353,,
241,3,51:09:00,9,,92.877981,92.878623,,,,,9,10.5,,,0.075756,0.108065,
241,3,51:10:00,10,93.000409,92.978829,,,,,7.5,9,,,0.170632,0.198139,,
241,3,51:11:00,11,93.086304,93.095746,,,,,7.5,9,,,0.14085,0.197411,,
241,3,51:12:00,12,93.20595,93.187892,93.198456,,,,8,9,11,,0.517545,0.368845,0.025889,
241,3,51:13:00,13,,93.331444,,,,,,8.5,,,,0.132218,,
241,3,51:14:00,14,93.4362,93.423069,,,,,7.5,8.5,,,0.143637,0.100443,,
241,3,51:15:00,15,93.535698,93.538807,93.527371,,,,7.5,9,9.5,,0.159247,0.048835,0.077749,
241,3,51:16:00,16,93.644776,,,,,,7.5,,,,0.465353,,,
241,3,52:01:00,1,,93.772899,,,,,,9,,,,0.419239,,
241,3,52:02:00,2,93.889557,,93.865367,,,,6.5,,10,,0.147079,,0.091699,
241,3,52:03:00,3,93.993852,93.939452,,,,,7,8.5,,,0.117846,0.033966,,
241,3,52:04:00,4,94.097271,94.09267,,,,,7.5,9,,,0.682248,0.039485,,
241,3,52:05:00,5,,94.214928,94.177545,,,,,9,9.5,,,0.570945,0.045453,
241,3,52:06:00,6,94.319052,94.309931,,,,,7,9,,,0.149108,0.036365,,
241,3,52:07:00,7,94.415581,,,,,,7,,,,0.118238,,,
241,3,52:08:00,8,94.527803,94.531956,94.514313,,,,7.5,9.5,10,,0.640953,0.236238,0.042809,
241,3,52:09:00,9,,94.6507,,,,,,9.5,,,,0.059931,,
241,3,52:10:00,10,94.759169,,94.793817,,,,7,,9,,0.136918,,0.061291,
241,3,52:11:00,11,94.845675,94.862389,,,,,7,9.5,,,0.120308,0.200013,,
241,3,52:12:00,12,94.962598,94.963145,,,,,7.5,9.5,,,0.017558,0.279906,,
241,3,52:13:00,13,,95.08988,,,,,,9.5,,,,0.157448,,
241,3,52:14:00,14,95.187227,95.189131,95.208847,,,,7.5,9,8.5,,0.125821,0.121367,0.277654,
241,3,52:15:00,15,95.283398,95.307225,,,,,7.5,9.5,,,0.131721,0.044981,,
241,3,52:16:00,16,95.40017,,,,,,8,,,,0.015453,,,
241,3,53:01:00,1,,95.531006,95.556388,,,,,9.5,8,,,0.153385,0.09541,
241,3,53:02:00,2,95.639885,95.62242,95.624886,,,,8,9.5,8,,0.151333,0.088414,0.089259,
241,3,53:03:00,3,95.730779,95.741877,95.753111,,,,8,9.5,8,,0.118322,0.859332,0.125202,
241,3,53:04:00,4,95.853971,95.832923,95.828326,,,,8.5,9.5,8.5,,0.518791,0.549629,0.082293,
241,3,53:05:00,5,,,95.964076,,,,,,9,,,,0.023644,
241,3,53:06:00,6,96.079376,96.062741,96.032847,,,,8,9,9.5,,0.127177,0.377567,0.099668,
241,3,53:07:00,7,96.168587,96.184678,96.172471,,,,8,9,10.5,,0.130288,0.064822,0.153844,
241,3,53:08:00,8,96.281117,96.266374,96.311554,,,,8.5,9,10,,0.595304,0.350523,0.252424,
241,3,53:09:00,9,,96.398525,96.378714,,,,,9,10,,,0.119281,0.215053,
241,3,53:10:00,10,96.525298,,96.515994,,,,8,,9.5,,0.133477,,0.066325,
241,3,53:11:00,11,96.60909,96.602314,96.598274,,,,8,9,10,,0.121548,0.618897,0.134991,
241,3,53:12:00,12,96.72227,96.686677,96.747929,,,,8.5,9,11,,0.032433,0.933585,0.112974,
241,3,53:13:00,13,,96.82552,96.81939,,,,,9,11,,,0.773983,0.072878,
241,3,53:14:00,14,96.953522,96.93029,96.960594,,,,8.5,9,10.5,,0.120932,0.105623,0.050549,
241,3,53:15:00,15,97.043753,97.027567,97.038949,,,,8.5,9,11,,0.142196,0.454396,0.137013,
241,3,53:16:00,16,97.154894,97.127149,97.185712,,,,8.5,9,12,,0.706532,0.321162,0.121381,
241,3,54:01:00,1,,97.26374,97.246505,,,,,9,12,,,0.179799,0.132606,
241,3,54:02:00,2,97.385395,97.349319,97.330635,,,,8,9,12.5,,0.146637,0.123249,0.14877,
241,3,54:03:00,3,97.471572,97.468335,97.485252,,,,8,9,13.5,,0.134966,0.91995,0.126424,
241,3,54:04:00,4,97.587332,97.561453,97.626032,,,,8,9,13.5,,0.579747,0.513551,0.1262,
241,3,54:05:00,5,,,97.716688,,,,,,13.5,,,,0.089326,
241,3,54:06:00,6,97.796212,97.790587,97.774861,,,,7.5,8.5,13.5,,0.120056,0.320568,0.140429,
241,3,54:07:00,7,97.88369,97.915545,97.925405,,,,7.5,8.5,13.5,,0.148269,0.062743,0.113328,
241,3,54:08:00,8,98.00008,,97.99589,,,,8,,13.5,,0.015058,,0.090599,
241,3,54:09:00,9,,98.142843,98.114425,,,,,9,13,,,0.101588,0.018823,
241,3,54:10:00,10,98.231606,,,,,,8,,,,0.135663,,,
241,3,54:11:00,11,98.322785,98.340357,,,,,8,9,,,0.125452,0.346201,,
241,3,54:12:00,12,98.440291,98.431445,,,,,8.5,9,,,0.052341,0.229352,,
241,3,54:13:00,13,,98.558331,98.562392,,,,,9,13,,,0.232137,0.798718,
241,3,54:14:00,14,98.670421,98.659019,,,,,8.5,9,,,0.114503,0.141196,,
241,3,54:15:00,15,98.765235,98.778454,,,,,8.5,9,,,0.123173,0.089293,,
241,3,54:16:00,16,98.880306,98.867339,98.889813,,,,8.5,9,11.5,,0.313301,0.335187,0.5873,
241,3,55:01:00,1,,99.003283,,,,,,9,,,,0.165982,,
241,3,55:02:00,2,99.105511,,99.14852,,,,8,,10,,0.068799,,0.021427,
241,3,55:03:00,3,99.200419,99.219186,,,,,8,8.5,,,0.09872,0.664129,,
241,3,55:04:00,4,99.30986,99.309802,,,,,8.5,8.5,,,0.387241,0.360153,,
241,3,55:05:00,5,,,,,,,,,,,,,,
241,3,55:06:00,6,99.53091,99.547278,,,,,8,8,,,0.101002,0.221744,,
241,3,55:07:00,7,99.629963,99.656307,,,,,8,8,,,0.112535,0.291817,,
241,3,55:08:00,8,99.753582,,,,,,8.5,,,,0.409545,,,
241,3,55:09:00,9,,99.873961,99.903637,,,,,8,6.5,,,0.059152,0.614088,
241,3,55:10:00,10,99.982028,99.962891,,,,,8,8,,,0.096759,0.169426,,
241,3,55:11:00,11,100.08131,100.087925,,,,,8,8,,,0.099846,0.257795,,
241,3,55:12:00,12,100.203865,100.188306,,,,,8,8,,,0.417882,0.28822,,
241,3,55:13:00,13,,100.315904,100.348961,,,,,8,4,,,0.109213,0.701358,
241,3,55:14:00,14,100.427893,100.412491,,,,,7.5,8,,,0.107266,0.09355,,
241,3,55:15:00,15,100.528606,100.534798,,,,,7.5,8,,,0.092882,0.03803,,
241,3,55:16:00,16,100.654795,,100.6359,,,,7.5,,3.5,,0.485514,,0.26621,
241,3,56:01:00,1,,100.771794,,,,,,8,,,,0.084531,,
241,3,56:02:00,2,100.872186,100.87115,100.868486,,,,7,7.5,4,,0.09819,0.064861,0.499287,
241,3,56:03:00,3,100.967922,100.981464,100.967045,,,,7,8,4,,0.084177,0.398177,0.529055,
241,3,56:04:00,4,101.086425,101.073267,101.052376,,,,7.5,8,4.5,,0.028018,0.371827,0.012539,
241,3,56:05:00,5,,,101.207288,,,,,,5,,,,0.618643,
241,3,56:06:00,6,101.307678,101.294185,101.328269,,,,7.5,8,5.5,,0.092463,0.196852,0.427853,
241,3,56:07:00,7,101.396764,101.419467,,,,,7.5,8,,,0.091525,0.057532,,
241,3,56:08:00,8,101.514002,101.507619,101.502023,,,,8,8.5,6,,0.016933,0.242241,0.453765,
241,3,56:09:00,9,,101.64741,101.651547,,,,,8.5,6,,,0.162253,0.412884,
241,3,56:10:00,10,101.750866,,101.759856,,,,8,,6,,0.120506,,0.30526,
241,3,56:11:00,11,101.833902,101.846874,,,,,8,8.5,,,0.127005,0.315799,,
241,3,56:12:00,12,101.944799,101.94949,101.940185,,,,8.5,8.5,6,,0.049094,0.474654,0.725119,
241,3,56:13:00,13,,102.086299,102.072355,,,,,8.5,6.5,,,0.619942,0.188752,
241,3,56:14:00,14,102.191095,102.17265,,,,,8.5,8.5,,,0.12499,0.502663,,
241,3,56:15:00,15,102.291192,102.280262,,,,,8.5,8.5,,,0.101194,0.325902,,
241,3,56:16:00,16,102.405083,,102.383258,,,,9,,8.5,,0.017255,,0.527124,
241,3,57:01:00,1,,102.505857,102.519682,,,,,8,9,,,0.096975,0.471137,
241,3,57:02:00,2,102.623176,102.598185,102.650111,,,,9,8,9,,0.145715,0.867118,0.5258,
241,3,57:03:00,3,102.717087,,,,,,9,,,,0.161716,,,
241,3,57:04:00,4,102.822722,102.813739,102.815657,,,,9.5,7.5,9.5,,0.05064,0.298601,0.851649,
241,3,57:05:00,5,,,102.949238,,,,,,9.5,,,,0.084769,
241,3,57:06:00,6,103.041603,103.049173,,,,,9.5,7,,,0.247699,0.190259,,
241,3,57:07:00,7,103.148004,103.15765,,,,,9.5,7,,,0.160012,0.219423,,
241,3,57:08:00,8,103.26014,,103.24017,,,,9.5,,9,,0.028419,,0.600513,
241,3,57:09:00,9,,103.374275,103.392607,,,,,7,9,,,0.116975,0.380445,
241,3,57:10:00,10,103.483494,,103.514038,,,,9.5,,9,,0.175336,,0.381663,
241,3,57:11:00,11,103.582154,103.570094,,,,,9.5,6.5,,,0.184658,0.268306,,
241,3,57:12:00,12,103.68605,103.671009,103.683952,,,,9.5,6.5,9,,0.030455,0.24383,0.656052,
241,3,57:13:00,13,,103.807525,103.82374,,,,,7,9,,,0.096124,0.254423,
241,3,57:14:00,14,103.923273,103.910182,,,,,9.5,7,,,0.168996,0.106531,,
241,3,57:15:00,15,104.023428,104.020339,,,,,9.5,7,,,0.178506,0.232319,,
241,3,57:16:00,16,104.136838,,104.131282,,,,9.5,,9.5,,0.018322,,0.495303,
241,3,58:01:00,1,,104.249013,104.264706,,,,,6.5,9,,,0.061757,0.344894,
241,3,58:02:00,2,104.363152,,104.388971,,,,9.5,,8.5,,0.176888,,0.530559,
241,3,58:03:00,3,104.458467,104.456024,,,,,9.5,6.5,,,0.144465,0.380481,,
241,3,58:04:00,4,104.571429,104.5483,104.564647,,,,9.5,6.5,8.5,,0.051426,0.177381,0.919348,
241,3,58:05:00,5,,,104.708945,,,,,,8.5,,,,0.022888,
241,3,58:06:00,6,104.796804,104.78478,,,,,9.5,6.5,,,0.113154,0.102956,,
241,3,58:07:00,7,104.893512,104.895609,,,,,9.5,6.5,,,0.140527,0.206134,,
241,3,58:08:00,8,105.006415,,105.007036,,,,9.5,,9,,0.024769,,0.494954,
241,3,58:09:00,9,,105.125562,105.137176,,,,,6.5,9,,,0.122851,0.35161,
241,3,58:10:00,10,105.237801,,105.265143,,,,9.5,,9,,0.104691,,0.348584,
241,3,58:11:00,11,105.325703,105.33596,,,,,9.5,6.5,,,0.124649,0.159079,,
241,3,58:12:00,12,105.44205,105.436515,105.424395,,,,9.5,6.5,9,,0.028439,0.179142,0.609505,
241,3,58:13:00,13,,105.56373,105.580296,,,,,7,9,,,0.07313,0.094872,
241,3,58:14:00,14,105.672023,105.664306,,,,,9.5,7,,,0.112379,0.070051,,
241,3,58:15:00,15,105.773106,105.777816,,,,,9.5,7,,,0.11556,0.031186,,
241,3,58:16:00,16,105.888799,105.869969,105.888523,,,,9.5,7,9.5,,0.020568,0.117861,0.398684,
241,3,59:01:00,1,,106.010691,106.024258,,,,,7,9,,,0.189937,0.339332,
241,3,59:02:00,2,106.110165,106.114923,106.154292,,,,9.5,7,9,,0.087386,0.062268,0.569051,
241,3,59:03:00,3,106.218136,106.213868,,,,,9.5,7.5,,,0.129941,0.279899,,
241,3,59:04:00,4,106.328798,106.313203,106.33326,,,,9.5,7.5,9,,0.699116,0.507254,0.396955,
241,3,59:05:00,5,,,106.472263,,,,,,9,,,,0.390143,
241,3,59:06:00,6,106.555228,106.544651,106.587382,,,,9,7.5,9,,0.093791,0.173654,0.599146,
241,3,59:07:00,7,106.657506,106.676531,,,,,9,7.5,,,0.107711,0.197844,,
241,3,59:08:00,8,106.767491,106.771788,106.763185,,,,9,8,9,,0.37961,0.10324,0.292729,
241,3,59:09:00,9,,106.905625,106.898677,,,,,7.5,8.5,,,0.471945,0.355162,
241,3,59:10:00,10,107.000022,106.98775,107.02326,,,,8.5,8,8,,0.123432,0.185135,0.343727,
241,3,59:11:00,11,107.086527,107.113005,,,,,8.5,8.5,,,0.128792,0.088165,,
241,3,59:12:00,12,107.200536,107.216742,107.198639,,,,8.5,8.5,8,,0.750803,0.353357,0.567237,
241,3,59:13:00,13,,107.345704,107.358316,,,,,8.5,8,,,0.381839,0.225844,
241,3,59:14:00,14,107.430464,107.441685,107.462919,,,,8,8.5,8,,0.139688,0.238897,0.078032,
241,3,59:15:00,15,107.544142,107.546448,107.548281,,,,8,9,8.5,,0.132157,0.113633,0.452787,
241,3,59:16:00,16,107.65174,107.647085,107.643702,,,,8,9,8,,0.018896,0.156472,0.192393,
241,3,60:01:00,1,,107.781796,107.788069,,,,,8.5,8,,,0.060885,0.020225,
241,3,60:02:00,2,107.876192,107.870822,,,,,8,8.5,,,0.137781,0.074406,,
241,3,60:03:00,3,107.975594,107.989929,,,,,8,9,,,0.204862,0.490033,,
241,3,60:04:00,4,108.087043,108.079292,108.097864,,,,8,9,8,,0.721092,0.657976,0.458523,
241,3,60:05:00,5,,,,,,,,,,,,,,
241,3,60:06:00,6,108.307077,108.292627,108.326944,,,,7.5,8.5,8,,0.126157,0.060968,0.020646,
241,3,60:07:00,7,108.408779,108.412238,108.443276,,,,7.5,8.5,8,,0.258537,0.120662,0.013775,
241,3,60:08:00,8,108.518061,108.507662,,,,,8,9,,,0.749295,0.142763,,
241,3,60:09:00,9,,108.64524,,,,,,9,,,,0.140133,,
241,3,60:10:00,10,108.758678,,108.783616,,,,7.5,,8,,0.154217,,0.113566,
241,3,60:11:00,11,108.849269,108.845925,108.910146,,,,7.5,8.5,8,,0.139906,0.200317,0.068437,
241,3,60:12:00,12,108.965626,108.948225,,,,,8,8.5,,,0.760903,0.176232,,
241,3,60:13:00,13,,109.090924,109.102607,,,,,8.5,8,,,0.086638,0.079378,
241,3,60:14:00,14,109.197277,109.189321,109.222002,,,,7.5,8.5,8,,0.12374,0.078113,0.021143,
241,3,60:15:00,15,109.287896,109.303815,,,,,7.5,8.5,,,0.15578,0.03708,,
241,3,60:16:00,16,109.400117,109.395511,109.396509,,,,8,8.5,8,,0.757383,0.256291,0.075798,
241,3,61:01:00,1,,109.524466,109.520577,,,,,8.5,8,,,0.059823,0.035498,
241,3,61:02:00,2,109.633672,109.622311,109.637288,,,,7.5,8.5,8,,0.132753,0.11401,0.057598,
241,3,61:03:00,3,109.730138,109.732556,109.753397,,,,7.5,8.5,8,,0.15752,0.353701,0.054561,
241,3,61:04:00,4,109.837752,109.825858,109.820682,,,,7.5,8.5,8,,0.477186,0.188079,0.076257,
241,3,61:05:00,5,,,,,,,,,,,,,,
241,3,61:06:00,6,110.059481,110.050737,110.055202,,,,7,8,7.5,,0.149701,0.123534,0.045688,
241,3,61:07:00,7,110.154633,110.174312,,,,,7,8,,,0.171517,0.039005,,
241,3,61:08:00,8,110.26519,110.260888,110.269206,,,,7.5,8.5,8,,0.706613,0.209881,0.069851,
241,3,61:09:00,9,,110.397099,110.397192,,,,,8.5,8,,,0.082759,0.045445,
241,3,61:10:00,10,110.49449,110.493988,,,,,7,8.5,,,0.159923,0.141347,,
241,3,61:11:00,11,110.5875,110.603112,,,,,7,8.5,,,0.176824,0.15929,,
241,3,61:12:00,12,110.693892,110.698554,110.702118,,,,7.5,8.5,8,,0.605831,0.230904,0.06798,
241,3,61:13:00,13,,110.824397,110.841384,,,,,9,8,,,0.085557,0.032896,
241,3,61:14:00,14,110.929973,110.926006,,,,,7,9,,,0.1118,0.063302,,
241,3,61:15:00,15,111.031598,111.050368,,,,,7,9,,,0.187263,0.047261,,
241,3,61:16:00,16,111.142034,111.137124,111.145829,,,,7.5,9,8,,0.789687,0.365283,0.042936,
241,3,62:01:00,1,,111.265211,,,,,,9,,,,0.079496,,
241,3,62:02:00,2,111.361313,111.366803,,,,,7,9,,,0.152678,0.059433,,
241,3,62:03:00,3,111.45456,111.478718,111.477681,,,,7,9,8.5,,0.173329,0.335003,0.225146,
241,3,62:04:00,4,111.572639,111.566769,111.577804,,,,7.5,9,8.5,,0.026552,0.22706,0.459393,
241,3,62:05:00,5,,,111.698434,,,,,,8.5,,,,0.021923,
241,3,62:06:00,6,111.793099,111.794923,,,,,7.5,8.5,,,0.118047,0.173279,,
241,3,62:07:00,7,111.890098,111.913851,111.910994,,,,7.5,8.5,8,,0.15202,0.048563,0.008861,
241,3,62:08:00,8,112.003995,111.992116,,,,,8,9,,,0.689967,0.244699,,
241,3,62:09:00,9,,112.128382,,,,,,9,,,,0.180873,,
241,3,62:10:00,10,112.239096,,112.252176,,,,7.5,,8,,0.122815,,0.223764,
241,3,62:11:00,11,112.329399,112.338778,112.334481,,,,7.5,8.5,8,,0.118848,0.118376,0.344929,
241,3,62:12:00,12,112.446113,112.447505,112.427759,,,,8,8.5,8,,0.031838,0.257793,0.515671,
241,3,62:13:00,13,,112.57197,112.572767,,,,,8.5,8,,,0.400375,0.006166,
241,3,62:14:00,14,112.668384,,,,,,8,,,,0.146653,,,
241,3,62:15:00,15,112.757703,112.770961,,,,,8,8,,,0.151783,0.361637,,
241,3,62:16:00,16,112.876998,,,,,,8.5,,,,0.651605,,,
241,3,63:01:00,1,,113.008345,,,,,,7.5,,,,0.084043,,
241,3,63:02:00,2,113.112155,,113.145999,,,,8,,6.5,,0.145244,,0.24151,
241,3,63:03:00,3,113.204144,113.223121,113.220023,,,,8,7,7,,0.149421,0.471662,0.354932,
241,3,63:04:00,4,113.323086,113.311357,113.306914,,,,8.5,7,7.5,,0.021074,0.033335,0.400024,
241,3,63:05:00,5,,,113.443662,,,,,,7,,,,0.619731,
241,3,63:06:00,6,113.543099,113.532675,113.564058,,,,8.5,7,7,,0.113326,0.092832,0.342968,
241,3,63:07:00,7,113.640251,113.648104,,,,,8.5,7,,,0.135025,0.133892,,
241,3,63:08:00,8,113.759709,113.741847,113.728362,,,,8.5,7.5,6.5,,0.549793,0.328397,0.273471,
241,3,63:09:00,9,,113.866401,113.875714,,,,,7.5,7,,,0.155608,0.358393,
241,3,63:10:00,10,113.986768,,113.993264,,,,8,,7,,0.123243,,0.304704,
241,3,63:11:00,11,114.07846,114.081543,,,,,8,7,,,0.145211,0.149566,,
241,3,63:12:00,12,114.190278,114.186325,114.168513,,,,8.5,7,7,,0.028656,0.346696,0.639039,
241,3,63:13:00,13,,114.314605,114.313485,,,,,7.5,7,,,0.101678,0.007055,
241,3,63:14:00,14,114.412311,,,,,,8.5,,,,0.115744,,,
241,3,63:15:00,15,114.510985,114.521926,,,,,8.5,7,,,0.166349,0.049674,,
241,3,63:16:00,16,114.620351,114.619557,,,,,8.5,7,,,0.741762,0.196497,,
241,3,64:01:00,1,,114.74959,,,,,,7.5,,,,0.356267,,
241,3,64:02:00,2,114.842215,114.843808,114.88612,,,,8,7.5,6.5,,0.163895,0.125016,0.23525,
241,3,64:03:00,3,114.949153,114.950403,114.960883,,,,8,8,7,,0.165497,0.308357,0.257093,
241,3,64:04:00,4,115.064405,115.045259,115.049721,,,,8.5,8,7.5,,0.021101,0.037842,0.45142,
241,3,64:05:00,5,,,115.18254,,,,,,7.5,,,,0.625704,
241,3,64:06:00,6,115.279868,115.267666,115.298089,,,,8.5,8.5,7.5,,0.153864,0.047805,0.434238,
241,3,64:07:00,7,115.381089,,,,,,8.5,,,,0.184031,,,
241,3,64:08:00,8,115.491896,115.484258,115.493978,,,,8.5,8.5,7,,0.810844,0.290008,0.046829,
241,3,64:09:00,9,,115.608308,,,,,,8.5,,,,0.041439,,
241,3,64:10:00,10,115.71729,115.710279,,,,,8,8.5,,,0.152918,0.202425,,
241,3,64:11:00,11,115.820862,115.82215,115.84353,,,,8,8.5,7.5,,0.176141,0.238045,0.29788,
241,3,64:12:00,12,115.933507,115.916515,115.927736,,,,8.5,8.5,7.5,,0.021496,0.292346,0.4282,
241,3,64:13:00,13,,116.058568,116.059093,,,,,9,7.5,,,0.112575,0.721853,
241,3,64:14:00,14,116.150931,116.158793,116.167816,,,,8.5,9,8,,0.169588,0.087216,0.684335,
241,3,64:15:00,15,116.254581,116.275469,,,,,8.5,9,,,0.192743,0.407237,,
241,3,64:16:00,16,116.367914,,116.359349,,,,8.5,,7.5,,0.737153,,0.545541,
241,3,65:01:00,1,,116.501092,,,,,,9,,,,0.052569,,
241,3,65:02:00,2,116.594043,,116.610501,,,,8,,7.5,,0.153822,,0.322678,
241,3,65:03:00,3,116.696253,116.707907,116.695139,,,,8,8.5,7.5,,0.154625,0.392196,0.410304,
241,3,65:04:00,4,116.801442,116.80561,116.780003,,,,8.5,8.5,8,,0.569477,0.695717,0.377768,
241,3,65:05:00,5,,,116.922841,,,,,,8,,,,0.755327,
241,3,65:06:00,6,117.019264,117.014342,117.036505,,,,8,8,8,,0.159142,0.075682,0.367461,
241,3,65:07:00,7,117.116323,,,,,,8,,,,0.128093,,,
241,3,65:08:00,8,117.231782,117.220216,117.221924,,,,8,7.5,7.5,,0.018137,0.284253,0.465796,
241,3,65:09:00,9,,117.350874,117.372874,,,,,7,7.5,,,0.100653,0.673975,
241,3,65:10:00,10,117.467116,,117.477617,,,,8,,8,,0.154235,,0.292084,
241,3,65:11:00,11,117.556807,117.57174,,,,,8,7,,,0.180712,0.228691,,
241,3,65:12:00,12,117.662668,117.677043,117.661208,,,,8.5,7,8,,0.752151,0.196865,0.524058,
241,3,65:13:00,13,,117.803217,117.809172,,,,,7,7.5,,,0.28166,0.632728,
241,3,65:14:00,14,117.891108,117.905912,117.933174,,,,8,7,7,,0.168889,0.259707,0.686796,
241,3,65:15:00,15,117.991158,118.009719,,,,,8,7,,,0.200471,0.242795,,
241,3,65:16:00,16,118.109685,118.103217,118.124899,,,,8,7,7,,0.526594,0.230766,0.459231,
241,3,66:01:00,1,,118.238818,,,,,,7,,,,0.051792,,
241,3,66:02:00,2,118.3509,118.333407,118.351923,,,,7.5,7,7,,0.165449,0.066221,0.858239,
241,3,66:03:00,3,118.453742,118.453782,,,,,7.5,7.5,,,0.164557,0.451635,,
241,3,66:04:00,4,118.554926,118.539548,118.543945,,,,8,7.5,7,,0.715665,0.116738,0.296498,
241,3,66:05:00,5,,,,,,,,,,,,,,
241,3,66:06:00,6,118.788934,118.765602,118.782222,,,,7.5,7.5,6,,0.16657,0.129939,0.315555,
241,3,66:07:00,7,118.87712,118.877016,,,,,7.5,7.5,,,0.200463,0.231289,,
241,3,66:08:00,8,118.987274,,118.99556,,,,8,,6,,0.519468,,0.620982,
241,3,66:09:00,9,,119.103864,,,,,,7.5,,,,0.030754,,
241,3,66:10:00,10,119.225794,,119.239069,,,,7.5,,5.5,,0.192814,,0.849962,
241,3,66:11:00,11,119.324033,119.316084,119.333661,,,,7.5,8,6,,0.178782,0.170646,0.311963,
241,3,66:12:00,12,119.429119,119.408097,,,,,7.5,8,,,0.699826,0.186966,,
241,3,66:13:00,13,,119.544601,119.560989,,,,,8.5,5.5,,,0.073419,0.828482,
241,3,66:14:00,14,119.657859,119.644575,119.666513,,,,7,8.5,5.5,,0.199229,0.089249,0.587192,
241,3,66:15:00,15,119.757341,119.756909,,,,,7,8.5,,,0.176083,0.032059,,
241,3,66:16:00,16,119.869892,,119.861532,,,,7.5,,5.5,,0.03928,,0.752495,
241,3,67:01:00,1,,119.987501,119.989759,,,,,8.5,5.5,,,0.057458,0.513981,
241,3,67:02:00,2,120.098952,,,,,,7.5,,,,0.173413,,,
241,3,67:03:00,3,120.193756,120.207098,120.190531,,,,7.5,8.5,5.5,,0.18015,0.496097,0.502203,
241,3,67:04:00,4,120.296032,120.292957,120.31302,,,,8,8.5,6,,0.742899,0.357366,0.463088,
241,3,67:05:00,5,,,,,,,,,,,,,,
241,3,67:06:00,6,120.514443,120.51683,120.519934,,,,7.5,8,6,,0.169146,0.115963,0.745039,
241,3,67:07:00,7,120.616438,120.636487,120.63767,,,,7.5,8,6,,0.218968,0.255408,0.44563,
241,3,67:08:00,8,120.727357,,,,,,8,,,,0.017605,,,
241,3,67:09:00,9,,120.855485,120.842298,,,,,8,6,,,0.07054,0.443612,
241,3,67:10:00,10,120.960407,,120.963598,,,,8,,6.5,,0.206337,,0.473503,
241,3,67:11:00,11,121.051549,121.068958,,,,,8,8.5,,,0.144012,0.248168,,
241,3,67:12:00,12,121.16796,121.154279,121.16201,,,,8.5,8.5,6.5,,0.042803,0.175261,0.870819,
241,3,67:13:00,13,,121.28945,121.296851,,,,,8.5,6.5,,,0.095387,0.387139,
241,3,67:14:00,14,121.395831,121.383542,,,,,8.5,8.5,,,0.15119,0.055928,,
241,3,67:15:00,15,121.498429,121.505774,121.497658,,,,8.5,8.5,6.5,,0.20614,0.17966,0.867671,
241,3,67:16:00,16,121.605882,,121.600743,,,,9,,6.5,,0.750304,,0.488897,
241,3,68:01:00,1,,121.718273,,,,,,8,,,,0.856198,,
241,3,68:02:00,2,121.828921,,121.837185,,,,8.5,,6.5,,0.165083,,0.593768,
241,3,68:03:00,3,121.935483,121.929767,121.941234,,,,8.5,7.5,6.5,,0.181333,0.091288,0.343093,
241,3,68:04:00,4,122.042161,,122.039258,,,,8.5,,6.5,,0.77827,,0.884979,
241,3,68:05:00,5,,,,,,,,,,,,,,
241,3,68:06:00,6,122.270813,122.256868,122.27516,,,,8,7.5,6.5,,0.165742,0.040272,0.618451,
241,3,68:07:00,7,122.365482,,,,,,8,,,,0.180237,,,
241,3,68:08:00,8,122.481892,122.469191,122.472996,,,,8.5,8,6.5,,0.414031,0.138735,0.326228,
241,3,68:09:00,9,,122.601923,,,,,,8,,,,0.509127,,
241,3,68:10:00,10,122.712636,122.697259,122.709963,,,,8,8,6,,0.141366,0.030595,0.568276,
241,3,68:11:00,11,122.805955,,122.831924,,,,8,,6.5,,0.179039,,0.788603,
241,3,68:12:00,12,122.917003,122.899982,,,,,8,8.5,,,0.032232,0.199809,,
241,3,68:13:00,13,,123.049676,123.046578,,,,,8.5,6,,,0.251162,0.007699,
241,3,68:14:00,14,123.152354,123.141579,,,,,8,8.5,,,0.143547,0.268871,,
241,3,68:15:00,15,123.251499,123.262925,,,,,8,8.5,,,0.170363,0.040921,,
241,3,68:16:00,16,123.366639,,123.354902,,,,8,,6,,0.777105,,0.375636,
241,3,69:01:00,1,,123.487565,,,,,,8.5,,,,0.034931,,
241,3,69:02:00,2,123.586775,,123.622977,,,,7.5,,5.5,,0.135148,,0.286226,
241,3,69:03:00,3,123.688721,,123.719064,,,,7.5,,6,,0.120511,,0.452486,
241,3,69:04:00,4,123.802325,123.787456,123.779853,,,,8,8.5,6.5,,0.044499,0.203242,0.817482,
241,3,69:05:00,5,,,123.91202,,,,,,6.5,,,,0.784854,
241,3,69:06:00,6,124.017435,124.027765,124.045219,,,,8,8,6,,0.107227,0.068223,0.816825,
241,3,69:07:00,7,124.10824,124.129631,,,,,8,8.5,,,0.092384,0.033383,,
241,3,69:08:00,8,124.225686,,124.204957,,,,8.5,,6.5,,0.037675,,0.808528,
241,3,69:09:00,9,,124.355656,124.359465,,,,,8.5,6.5,,,0.030252,0.694932,
241,3,69:10:00,10,124.463228,,124.506685,,,,8.5,,6.5,,0.113351,,0.715718,
241,3,69:11:00,11,124.553072,124.556704,,,,,8.5,8.5,,,0.132173,0.12297,,
241,3,69:12:00,12,124.666402,124.657026,124.662374,,,,9,8.5,7,,0.028911,0.180988,0.635531,
241,3,69:13:00,13,,124.792673,124.806102,,,,,8,7,,,0.064883,0.592561,
241,3,69:14:00,14,124.900972,,124.939161,,,,9,,7,,0.10336,,0.517675,
241,3,69:15:00,15,124.997426,125.002547,,,,,9,8.5,,,0.180941,0.304587,,
241,3,69:16:00,16,125.114681,125.086633,125.106173,,,,9,8.5,7,,0.027587,0.611391,0.62095,
241,3,70:01:00,1,,125.23938,125.255352,,,,,8.5,7,,,0.686237,0.195449,
241,3,70:02:00,2,125.347341,125.372214,125.357632,,,,9,8,7,,0.123457,0.387055,0.154504,
241,3,70:03:00,3,125.442624,,125.430856,,,,9,,7.5,,0.116388,,0.187907,
241,3,70:04:00,4,125.556454,125.533945,125.551026,,,,9.5,8,8.5,,0.029598,0.695564,0.124657,
241,3,70:05:00,5,,125.692985,125.687405,,,,,8.5,8.5,,,0.418579,0.020607,
241,3,70:06:00,6,125.770386,125.805481,125.828174,,,,9.5,8,8.5,,0.137855,0.439301,0.626444,
241,3,70:07:00,7,125.867841,,,,,,9.5,,,,0.269117,,,
241,3,70:08:00,8,125.978289,125.979751,125.990244,,,,9.5,8.5,8.5,,0.024882,0.584382,0.653032,
241,3,70:09:00,9,,126.118875,126.135365,,,,,8.5,8.5,,,0.658929,0.401231,
241,3,70:10:00,10,126.218136,126.240889,126.251641,,,,9.5,8,8.5,,0.111693,0.517171,0.201263,
241,3,70:11:00,11,126.304505,,126.313132,,,,9.5,,9,,0.134969,,0.284302,
241,3,70:12:00,12,126.418536,,126.437073,,,,9.5,,9.5,,0.030817,,0.376877,
241,3,70:13:00,13,,126.560235,126.569151,,,,,7.5,9.5,,,0.708307,0.522781,
241,3,70:14:00,14,126.657189,,126.709568,,,,9.5,,9.5,,0.128367,,0.167331,
241,3,70:15:00,15,126.754492,126.747238,,,,,9.5,7.5,,,0.158505,0.252823,,
241,3,70:16:00,16,126.878631,,126.874353,,,,9.5,,9.5,,0.024336,,0.633675,
241,3,71:01:00,1,,126.991096,127.018551,,,,,7,9.5,,,0.044001,0.536104,
241,3,71:02:00,2,127.118657,,127.135596,,,,9,,9.5,,0.151187,,0.125398,
241,3,71:03:00,3,127.21067,,,,,,9.5,,,,0.155526,,,
241,3,71:04:00,4,127.318872,127.293113,,,,,9.5,6.5,,,0.022997,0.216493,,
241,3,71:05:00,5,,,127.458031,,,,,,9.5,,,,0.586913,
241,3,71:06:00,6,127.548568,127.543131,127.559493,,,,9.5,6,9,,0.140036,0.097864,0.363879,
241,3,71:07:00,7,127.641413,127.652355,,,,,9.5,6.5,,,0.147087,0.268308,,
241,3,71:08:00,8,127.759809,,127.72994,,,,9.5,,9,,0.034114,,0.481657,
241,3,71:09:00,9,,127.881262,127.87996,,,,,6,8.5,,,0.154223,0.476034,
241,3,71:10:00,10,127.974499,,127.998149,,,,9.5,,8.5,,0.119235,,0.465982,
241,3,71:11:00,11,128.070544,128.086308,,,,,9.5,6,,,0.157082,0.179979,,
241,3,71:12:00,12,128.178534,128.186677,128.179543,,,,9.5,6,8.5,,0.290027,0.439595,0.278535,
241,3,71:13:00,13,,128.307519,128.334776,,,,,6,8,,,0.354791,0.405971,
241,3,71:14:00,14,128.405111,128.402919,128.430055,,,,9,6.5,8,,0.11296,0.302734,0.256001,
241,3,71:15:00,15,128.511398,128.522638,128.529264,,,,9,6.5,8,,0.151301,0.033057,0.327762,
241,3,71:16:00,16,128.620635,,128.618184,,,,9,,8,,0.031762,,0.663829,
241,3,72:01:00,1,,128.758783,128.758909,,,,,6.5,8,,,0.085375,0.428559,
241,3,72:02:00,2,128.847402,128.864505,128.889405,,,,9,7,8,,0.165323,0.593428,0.278165,
241,3,72:03:00,3,128.953527,,128.97123,,,,9,,8.5,,0.188706,,0.49971,
241,3,72:04:00,4,129.065058,129.06097,129.061188,,,,9,7,8.5,,0.638741,0.197439,0.449413,
241,3,72:05:00,5,,,129.207707,,,,,,8.5,,,,0.971134,
241,3,72:06:00,6,129.289701,129.288588,129.324076,,,,8.5,7,8,,0.15793,0.154278,0.288069,
241,3,72:07:00,7,129.38986,129.401192,,,,,8.5,7,,,0.225167,0.273982,,
241,3,72:08:00,8,129.505431,,129.492268,,,,8.5,,8,,0.021847,,0.376068,
241,3,72:09:00,9,,129.64042,129.64379,,,,,7,8,,,0.178024,0.334614,
241,3,72:10:00,10,129.744131,,129.764442,,,,8.5,,8,,0.188935,,0.405006,
241,3,72:11:00,11,129.846915,129.847848,,,,,8.5,7,,,0.164787,0.185996,,
241,3,72:12:00,12,129.958307,129.942773,129.938926,,,,8.5,7,8,,0.301123,0.191579,0.312707,
241,3,72:13:00,13,,130.075531,130.101844,,,,,7.5,8,,,0.093645,0.319385,
241,3,72:14:00,14,130.178965,130.171106,130.213275,,,,7.5,7.5,8,,0.212965,0.084985,0.105466,
241,3,72:15:00,15,130.292363,130.288919,130.311109,,,,8,7.5,8.5,,0.194649,0.256769,0.442596,
241,3,72:16:00,16,130.400839,,130.387585,,,,8.5,,8.5,,0.446701,,0.460391,
241,3,73:01:00,1,,130.526749,130.535586,,,,,6.5,8,,,0.044899,0.284145,
241,3,73:02:00,2,130.610392,130.626815,130.665897,,,,8,7,8,,0.15807,0.125887,0.605808,
241,3,73:03:00,3,130.720225,130.732153,,,,,8,7,,,0.195769,0.383035,,
241,3,73:04:00,4,130.828476,130.829453,130.846717,,,,8,7,8,,0.73787,0.257112,0.484828,
241,3,73:05:00,5,,,130.9882,,,,,,7.5,,,,0.474208,
241,3,73:06:00,6,131.051084,131.069062,131.088202,,,,7.5,6.5,7.5,,0.177706,0.124046,0.376881,
241,3,73:07:00,7,,131.186325,,,,,,7,,,,0.179776,,
241,3,73:08:00,8,131.270346,,131.283874,,,,8,,7.5,,0.523045,,0.200578,
241,3,73:09:00,9,,131.414977,131.436302,,,,,6.5,7.5,,,0.066279,0.394943,
241,3,73:10:00,10,131.511942,131.528688,131.53899,,,,7,7,7.5,,0.189268,0.057616,0.212743,
241,3,73:11:00,11,131.613212,131.623023,,,,,7.5,7.5,,,0.144023,0.233711,,
241,3,73:12:00,12,131.721454,131.711082,131.710581,,,,7.5,7.5,7.5,,0.015959,0.153616,0.40398,
241,3,73:13:00,13,,131.837913,131.872828,,,,,8,7.5,,,0.158044,0.098492,
241,3,73:14:00,14,131.952974,131.954,,,,,7.5,7.5,,,0.170418,0.12225,,
241,3,73:15:00,15,132.062257,132.067515,,,,,7.5,8,,,0.145692,0.041179,,
241,3,73:16:00,16,132.177093,,132.148142,,,,8,,7.5,,0.021411,,0.260719,
241,3,74:01:00,1,,132.290523,132.289248,,,,,7.5,7.5,,,0.058681,0.028937,
241,3,74:02:00,2,132.383493,132.404847,,,,,8,8,,,0.089055,0.093382,,
241,3,74:03:00,3,132.492736,132.508602,,,,,8,8.5,,,0.119007,0.322859,,
241,3,74:04:00,4,132.606717,132.59523,132.602388,,,,8.5,8.5,6.5,,0.28511,0.191076,0.035514,
241,3,74:05:00,5,,,,,,,,,,,,,,
241,3,74:06:00,6,132.824767,132.828222,132.820236,,,,8,8,6.5,,0.097884,0.121956,0.033839,
241,3,74:07:00,7,132.929097,132.949156,,,,,8,8,,,0.113886,0.166758,,
241,3,74:08:00,8,133.049861,,,,,,8.5,,,,0.18709,,,
241,3,74:09:00,9,,133.166036,133.175657,,,,,8,6.5,,,0.062533,0.010536,
241,3,74:10:00,10,133.265417,133.266403,,,,,8,8,,,0.069029,0.082171,,
241,3,74:11:00,11,133.358211,133.381992,,,,,8,8.5,,,0.092326,0.125002,,
241,3,74:12:00,12,133.474315,133.479243,,,,,8.5,8.5,,,0.242777,0.100589,,
241,3,74:13:00,13,,133.599214,133.623907,,,,,8.5,7,,,0.051981,0.016947,
241,3,74:14:00,14,133.704657,133.711887,,,,,8,8,,,0.085829,0.056738,,
241,3,74:15:00,15,133.811076,133.829159,,,,,8,8.5,,,0.100189,0.131866,,
241,3,74:16:00,16,133.931233,,133.861431,,,,8,,7.5,,0.355075,,0.04896,
241,3,75:01:00,1,,134.044058,,,,,,8,,,,0.030573,,
241,3,75:02:00,2,134.15747,,,,,,7.5,,,,0.109763,,,
241,3,75:03:00,3,134.258446,,134.25774,,,,7.5,,7.5,,0.115212,,0.186084,
241,3,75:04:00,4,134.379714,134.35241,,,,,7.5,7.5,,,0.284954,0.088973,,
241,3,75:05:00,5,,,,,,,,,,,,,,
241,3,75:06:00,6,134.591258,134.588111,134.643959,,,,7,7,8,,0.086532,0.034434,0.006884,
241,3,75:07:00,7,134.692661,,,,,,7,,,,0.115838,,,
241,3,75:08:00,8,134.812989,,,,,,7.5,,,,0.224327,,,
241,3,75:09:00,9,,134.928637,134.931056,,,,,7,8.5,,,0.057356,0.007787,
241,3,75:10:00,10,135.034926,,,,,,7,,,,0.095681,,,
241,3,75:11:00,11,135.128942,135.14808,135.150414,,,,7,7,8.5,,0.102635,0.085911,0.028159,
241,3,75:12:00,12,135.251872,135.242395,,,,,7.5,7,,,0.313284,0.072671,,
241,3,75:13:00,13,,135.372702,135.381922,,,,,7,8,,,0.036381,0.014715,
241,3,75:14:00,14,135.461619,135.47351,,,,,7,7,,,0.069381,0.038012,,
241,3,75:15:00,15,135.56769,135.590648,,,,,7,7,,,0.097086,0.108071,,
241,3,75:16:00,16,135.690716,,135.690158,,,,7.5,,7.5,,0.187438,,0.023437,
241,3,76:01:00,1,,135.814788,135.81696,,,,,6.5,7.5,,,0.030708,0.011303,
241,3,76:02:00,2,135.913836,,,,,,7,,,,0.060332,,,
241,3,76:03:00,3,136.009326,,,,,,7,,,,0.080269,,,
241,3,76:04:00,4,136.132849,136.130389,136.11896,,,,7.5,6.5,7.5,,0.385451,0.083174,0.028351,
241,3,76:05:00,5,,,,,,,,,,,,,,
241,3,76:06:00,6,136.350812,136.357429,136.353925,,,,7,6,6.5,,0.045968,0.073042,0.0209,
241,3,76:07:00,7,136.442589,136.477451,,,,,7,6.5,,,0.065505,0.091519,,
241,3,76:08:00,8,136.572155,,,,,,7.5,,,,0.290436,,,
241,3,76:09:00,9,,136.697187,136.696921,,,,,6.5,6,,,0.071586,0.013958,
241,3,76:10:00,10,136.799786,,,,,,7,,,,0.074869,,,
241,3,76:11:00,11,136.90272,136.911573,,,,,7,6.5,,,0.071115,0.056473,,
241,3,76:12:00,12,137.016038,137.019789,,,,,7.5,6.5,,,0.357413,0.084876,,
241,3,76:13:00,13,,137.141185,137.151286,,,,,7,5,,,0.032237,0.019967,
241,3,76:14:00,14,137.239884,137.234748,,,,,7,7,,,0.051943,0.120382,,
241,3,76:15:00,15,137.351392,,,,,,7,,,,0.062977,,,
241,3,76:16:00,16,137.471533,,137.449177,,,,7,,5.5,,0.418251,,0.025424,
241,3,77:01:00,1,,137.581067,,,,,,6,,,,0.035575,,
241,3,77:02:00,2,137.698098,,,,,,6.5,,,,0.070094,,,
241,3,77:03:00,3,137.796142,,137.805934,,,,7,,5.5,,0.062028,,0.025572,
241,3,77:04:00,4,137.916117,137.891146,,,,,7,6,,,0.446426,0.064964,,
241,3,77:05:00,5,,,,,,,,,,,,,,
241,3,77:06:00,6,138.138107,138.12376,138.111129,,,,6.5,6,5,,0.065737,0.05728,0.145287,
241,3,77:07:00,7,138.237689,138.244049,,,,,7,6,,,0.070317,0.107829,,
241,3,77:08:00,8,138.358378,,,,,,7,,,,0.4216,,,
241,3,77:09:00,9,,138.461062,138.47026,,,,,6,4.5,,,0.08214,0.04229,
241,3,77:10:00,10,138.580134,,,,,,6.5,,,,0.064908,,,
241,3,77:11:00,11,138.674956,138.679748,,,,,7,6,,,0.069044,0.087026,,
241,3,77:12:00,12,138.792517,138.784689,,,,,7.5,6,,,0.418018,0.120472,,
241,3,77:13:00,13,,138.922442,,,,,,6,,,,0.125532,,
241,3,77:14:00,14,139.025258,,138.973005,,,,6.5,,5,,0.08337,,0.00763,
241,3,77:15:00,15,139.126646,,,,,,7,,,,0.078856,,,
241,3,77:16:00,16,139.246509,,,,,,7,,,,0.49247,,,
241,3,78:01:00,1,,139.373829,,,,,,5,,,,0.041223,,
241,3,78:02:00,2,139.484006,,,,,,6.5,,,,0.090463,,,
241,3,78:03:00,3,139.580552,,,,,,7,,,,0.083418,,,
241,3,78:04:00,4,139.703622,139.688025,,,,,7,5.5,,,0.527243,0.1441,,
241,3,78:05:00,5,,,,,,,,,,,,,,
241,3,78:06:00,6,139.928259,139.92588,139.948204,,,,6.5,5,5.5,,0.064125,0.171144,0.035094,
241,3,78:07:00,7,140.023598,,,,,,7,,,,0.106513,,,
241,3,78:08:00,8,140.151031,,,,,,7,,,,0.366813,,,
241,3,78:09:00,9,,140.261205,140.221718,,,,,4.5,6,,,0.097088,0.021823,
241,3,78:10:00,10,,,,,,,,,,,,,,
241,3,78:11:00,11,140.466221,140.474419,,,,,7,4.5,,,0.103166,0.079922,,
241,3,78:12:00,12,140.58098,140.561454,,,,,7,5,,,0.439849,0.152197,,
241,3,78:13:00,13,,140.704214,140.670518,,,,,5,6,,,0.126927,0.188891,
241,3,78:14:00,14,140.810762,,,,,,6.5,,,,0.079496,,,
241,3,78:15:00,15,140.900287,,,,,,7,,,,0.082336,,,
241,3,78:16:00,16,141.020877,,,,,,7.5,,,,0.372637,,,
241,3,79:01:00,1,,141.138747,,,,,,4.5,,,,0.070557,,
241,3,79:02:00,2,141.250137,,141.267425,,,,6.5,,7.5,,0.0909,,0.30547,
241,3,79:03:00,3,141.348701,141.343937,141.349269,,,,7,5,8,,0.070721,0.21981,0.45523,
241,3,79:04:00,4,141.472273,141.471571,141.448066,,,,7.5,5,8.5,,0.026308,0.030722,0.572923,
241,3,79:05:00,5,,,141.581966,,,,,,8.5,,,,0.255456,
241,3,79:06:00,6,141.698338,141.703665,141.691758,,,,7.5,5,8,,0.133015,0.037456,0.246399,
241,3,79:07:00,7,141.795454,,141.781681,,,,7.5,,8.5,,0.079205,,0.45764,
241,3,79:08:00,8,141.915093,,141.889811,,,,8,,8.5,,0.015607,,0.343419,
241,3,79:09:00,9,,142.025949,142.025734,,,,,5.5,8.5,,,0.135274,0.21739,
241,3,79:10:00,10,142.153634,,142.115919,,,,7.5,,8.5,,0.100937,,0.576669,
241,3,79:11:00,11,142.24497,142.227129,142.221748,,,,8,6,8.5,,0.102732,0.908987,0.800435,
241,3,79:12:00,12,142.358122,,,,,,8.5,,,,0.037853,,,
241,3,79:13:00,13,,142.456024,142.470844,,,,,6,8,,,0.514402,0.415774,
241,3,79:14:00,14,142.575554,142.587039,142.577953,,,,8.5,5.5,8.5,,0.10899,0.396522,0.277675,
241,3,79:15:00,15,142.671466,,142.664717,,,,8.5,,9,,0.099832,,0.438154,
241,3,79:16:00,16,142.77937,142.75946,142.772295,,,,9,5.5,8,,0.555444,0.211404,0.413352,
241,3,80:01:00,1,142.956959,142.933163,142.911581,,,,8.5,6,8,,,,0.006123,
