Take,SD,Cycle,CycleTime,Iso.Time,C_hit,C_vel,C_off,P_hit,P_vel,P_off,R1_hit,R1_vel,R1_off
222,1,1,1.602408163,1.602408163,0.0,0.0,0.0,0.0,0.0,0.0,1.0,0.258711,0.22211922661122724
222,2,1,,1.722658163,0.0,0.0,0.0,0.0,0.0,0.0,0.0,0.0,0.0
222,3,1,,1.842908163,0.0,0.0,0.0,0.0,0.0,0.0,1.0,0.338492,0.02283440332640311
222,4,1,,1.9631581630000001,0.0,0.0,0.0,0.0,0.0,0.0,0.0,0.0,0.0
222,5,1,,2.083408163,0.0,0.0,0.0,0.0,0.0,0.0,0.0,0.0,0.0
222,6,1,,2.203658163,0.0,0.0,0.0,0.0,0.0,0.0,0.0,0.0,0.0
222,7,1,,2.323908163,0.0,0.0,0.0,0.0,0.0,0.0,1.0,0.026258,0.07700488149688238
222,8,1,,2.444158163,0.0,0.0,0.0,0.0,0.0,0.0,0.0,0.0,0.0
222,9,1,,2.564408163,0.0,0.0,0.0,0.0,0.0,0.0,0.0,0.0,0.0
222,10,1,,2.684658163,0.0,0.0,0.0,0.0,0.0,0.0,1.0,0.009832,0.052630661122660016
222,11,1,,2.8049081630000003,0.0,0.0,0.0,0.0,0.0,0.0,0.0,0.0,0.0
222,12,1,,2.925158163,0.0,0.0,0.0,0.0,0.0,0.0,0.0,0.0,0.0
222,13,1,,3.0454081630000003,0.0,0.0,0.0,0.0,0.0,0.0,1.0,0.073014,0.13827723076922832
222,14,1,,3.165658163,0.0,0.0,0.0,0.0,0.0,0.0,0.0,0.0,0.0
222,15,1,,3.285908163,0.0,0.0,0.0,0.0,0.0,0.0,0.0,0.0,0.0
222,16,1,,3.406158163,0.0,0.0,0.0,0.0,0.0,0.0,1.0,0.299051,-0.14533191683991678
222,1,2,3.526408163,3.526408163,0.0,0.0,0.0,0.0,0.0,0.0,1.0,0.007427,0.07019602575107182
222,2,2,,3.642908163,0.0,0.0,0.0,0.0,0.0,0.0,0.0,0.0,0.0
222,3,2,,3.7594081630000002,1.0,0.27875,-0.006112987124465331,0.0,0.0,0.0,0.0,0.0,0.0
222,4,2,,3.875908163,1.0,0.725217,-0.10970096995708133,0.0,0.0,0.0,0.0,0.0,0.0
222,5,2,,3.9924081630000003,0.0,0.0,0.0,0.0,0.0,0.0,0.0,0.0,0.0
222,6,2,,4.108908163000001,1.0,0.239522,-0.19655933905580145,0.0,0.0,0.0,0.0,0.0,0.0
222,7,2,,4.225408163,1.0,0.335645,-0.14565805150214384,0.0,0.0,0.0,1.0,0.032924,0.030925639484977376
222,8,2,,4.341908163,1.0,0.685034,-0.1729713562231798,0.0,0.0,0.0,0.0,0.0,0.0
222,9,2,,4.458408163,0.0,0.0,0.0,0.0,0.0,0.0,0.0,0.0,0.0
222,10,2,,4.574908163,1.0,0.242757,-0.20961513304721294,0.0,0.0,0.0,1.0,0.035626,-0.08338337339055757
222,11,2,,4.691408163,1.0,0.346048,-0.2173318712446339,0.0,0.0,0.0,1.0,0.011195,0.013200317596565474
222,12,2,,4.8079081630000005,1.0,0.762801,-0.2661215708154534,0.0,0.0,0.0,0.0,0.0,0.0
222,13,2,,4.924408163,0.0,0.0,0.0,0.0,0.0,0.0,1.0,0.022014,0.10823036051502291
222,14,2,,5.040908163,1.0,0.281919,-0.22234474678111388,0.0,0.0,0.0,0.0,0.0,0.0
222,15,2,,5.1574081629999995,1.0,0.332506,-0.22428466094420071,0.0,0.0,0.0,0.0,0.0,0.0
222,16,2,,5.273908163,1.0,0.019901,-0.2273662060085822,0.0,0.0,0.0,1.0,0.411077,-0.13873959656652268
222,1,3,5.390408163,5.390408163,0.0,0.0,0.0,0.0,0.0,0.0,1.0,0.010553,0.010199887034681781
222,2,3,,5.505491496375,1.0,0.244313,-0.17200141666473415,0.0,0.0,0.0,0.0,0.0,0.0
222,3,3,,5.62057482975,1.0,0.295966,-0.15408686236274846,0.0,0.0,0.0,0.0,0.0,0.0
222,4,3,,5.735658163125,1.0,0.019135,-0.17485731890844827,0.0,0.0,0.0,0.0,0.0,0.0
222,5,3,,5.8507414964999995,0.0,0.0,0.0,1.0,0.421844,0.05791024038454162,0.0,0.0,0.0
222,6,3,,5.965824829875,1.0,0.276347,-0.14955101985896263,1.0,0.086677,0.14188996482915042,0.0,0.0,0.0
222,7,3,,6.08090816325,1.0,0.362168,-0.0819159731781607,0.0,0.0,0.0,1.0,0.217294,0.12119771248327296
222,8,3,,6.195991496625,1.0,0.860169,-0.12645181711569387,1.0,0.157419,-0.358587950268435,0.0,0.0,0.0
222,9,3,,6.31107483,0.0,0.0,0.0,1.0,0.218812,-0.07500503979905408,0.0,0.0,0.0
222,10,3,,6.426158163375,1.0,0.317387,-0.12611003652204356,1.0,0.078574,0.026448978629094205,1.0,0.098213,0.1484649090700724
222,11,3,,6.54124149675,1.0,0.317468,-0.10180880590086658,0.0,0.0,0.0,1.0,0.529117,0.2898725842542162
222,12,3,,6.6563248301249995,1.0,0.020258,-0.15808396916796255,1.0,0.316568,-0.331080348540514,0.0,0.0,0.0
222,13,3,,6.7714081635,0.0,0.0,0.0,1.0,0.446658,-0.04811438231422847,1.0,0.139136,0.2760420259681186
222,14,3,,6.886491496874999,1.0,0.243053,-0.09535261582354841,0.0,0.0,0.0,0.0,0.0,0.0
222,15,3,,7.00157483025,1.0,0.33658,-0.05645326790135395,1.0,0.216868,-0.1192164829401854,0.0,0.0,0.0
222,16,3,,7.116658163625,1.0,0.024431,-0.11951481784232143,0.0,0.0,0.0,1.0,0.370971,-0.07484284103010938
222,1,4,7.231741497,7.231741497,0.0,0.0,0.0,1.0,0.316963,0.0553822714701711,1.0,0.014302,0.07218051065153762
222,2,4,,7.345324830312499,1.0,0.32438,-0.10451207907272549,0.0,0.0,0.0,0.0,0.0,0.0
222,3,4,,7.458908163625,1.0,0.288638,-0.11762433127616266,0.0,0.0,0.0,0.0,0.0,0.0
222,4,4,,7.5724914969375,1.0,0.664788,-0.15185763997650045,1.0,0.300057,-0.08698896791764255,0.0,0.0,0.0
222,5,4,,7.68607483025,0.0,0.0,0.0,0.0,0.0,0.0,0.0,0.0,0.0
222,6,4,,7.7996581635624995,1.0,0.325672,-0.18385763961552043,1.0,0.133392,-0.006639737895561917,0.0,0.0,0.0
222,7,4,,7.913241496875,1.0,0.347354,-0.1817916086173528,0.0,0.0,0.0,1.0,0.069526,-0.10965954697535908
222,8,4,,8.0268248301875,1.0,0.750714,-0.17623034651069,0.0,0.0,0.0,0.0,0.0,0.0
222,9,4,,8.1404081635,0.0,0.0,0.0,1.0,0.491876,0.10744390170715697,0.0,0.0,0.0
222,10,4,,8.2539914968125,1.0,0.308952,-0.13894201158087044,0.0,0.0,0.0,1.0,0.068574,-0.09824942169813612
222,11,4,,8.367574830125001,1.0,0.281907,-0.13550253964335732,1.0,0.438479,-0.20891119703026462,1.0,0.023816,-0.04112249560549459
222,12,4,,8.4811581634375,1.0,0.049386,-0.17943797600503686,0.0,0.0,0.0,0.0,0.0,0.0
222,13,4,,8.59474149675,0.0,0.0,0.0,1.0,0.25314,0.12430083567943712,1.0,0.134975,0.05807633089839961
222,14,4,,8.7083248300625,1.0,0.26791,-0.14485250241101316,0.0,0.0,0.0,0.0,0.0,0.0
222,15,4,,8.821908163375,1.0,0.261942,-0.13944971425887456,0.0,0.0,0.0,0.0,0.0,0.0
222,16,4,,8.9354914966875,1.0,0.024459,-0.11328683806186501,0.0,0.0,0.0,1.0,0.055729,-0.2770872782973466
222,1,5,9.04907483,9.04907483,0.0,0.0,0.0,1.0,0.564124,0.06896185022025342,1.0,0.015502,0.04857418502202989
222,2,5,,9.16257483,1.0,0.28905,-0.17138176211454847,0.0,0.0,0.0,0.0,0.0,0.0
222,3,5,,9.27607483,1.0,0.31003,-0.162791453744501,0.0,0.0,0.0,0.0,0.0,0.0
222,4,5,,9.38957483,1.0,0.737524,-0.21069453744494657,1.0,0.167571,-0.07458000000001047,0.0,0.0,0.0
222,5,5,,9.50307483,0.0,0.0,0.0,0.0,0.0,0.0,0.0,0.0,0.0
222,6,5,,9.61657483,1.0,0.270116,-0.2788707488986736,1.0,0.128157,-0.04163726872246629,0.0,0.0,0.0
222,7,5,,9.73007483,1.0,0.254849,-0.21232449339206838,0.0,0.0,0.0,1.0,0.141886,-0.08908220264317475
222,8,5,,9.84357483,1.0,0.679741,-0.22919674008810653,0.0,0.0,0.0,0.0,0.0,0.0
222,9,5,,9.95707483,0.0,0.0,0.0,1.0,0.450413,0.05352572687225363,0.0,0.0,0.0
222,10,5,,10.07057483,1.0,0.306072,-0.23647427312775404,0.0,0.0,0.0,1.0,0.024431,-0.19724079295154423
222,11,5,,10.18407483,1.0,0.293539,-0.19036854625550312,1.0,0.315196,-0.2177606167400868,1.0,0.015559,-0.09891480176211459
222,12,5,,10.29757483,1.0,0.047619,-0.22012185022026437,0.0,0.0,0.0,0.0,0.0,0.0
222,13,5,,10.41107483,0.0,0.0,0.0,1.0,0.089926,0.12072396475771068,1.0,0.160714,0.015217356828183053
222,14,5,,10.524574829999999,1.0,0.245311,-0.22966370044052428,0.0,0.0,0.0,0.0,0.0,0.0
222,15,5,,10.638074829999999,1.0,0.314136,-0.16643903083698972,0.0,0.0,0.0,0.0,0.0,0.0
222,16,5,,10.75157483,1.0,0.029078,-0.14855356828192778,0.0,0.0,0.0,1.0,0.373263,-0.2846857268722408
222,1,6,10.86507483,10.86507483,0.0,0.0,0.0,1.0,0.468334,0.08533881113421668,1.0,0.009881,0.08309215437761956
222,2,6,,10.977241496875,1.0,0.235672,-0.1998142362559086,0.0,0.0,0.0,0.0,0.0,0.0
222,3,6,,11.089408163749999,1.0,0.305226,-0.1365304343675008,0.0,0.0,0.0,1.0,0.32258,0.011312061643183298
222,4,6,,11.201574830624999,1.0,0.714005,-0.1436329622146429,1.0,0.260956,-0.013050495889572362,0.0,0.0,0.0
222,5,6,,11.3137414975,0.0,0.0,0.0,0.0,0.0,0.0,1.0,0.413197,-0.03439076516643894
222,6,6,,11.425908164375,1.0,0.23954,-0.2043759078670623,1.0,0.114064,0.14015603800119855,1.0,0.441552,0.11931205587052286
222,7,6,,11.53807483125,1.0,0.287902,-0.1651812589799846,0.0,0.0,0.0,0.0,0.0,0.0
222,8,6,,11.650241498125,1.0,0.015355,-0.12778750162000513,0.0,0.0,0.0,1.0,0.418272,-0.40248586663729036
222,9,6,,11.762408165,0.0,0.0,0.0,1.0,0.451511,0.18023032655975182,1.0,0.467724,-0.10405199089142693
222,10,6,,11.874574831875,1.0,0.29371,-0.06890489028806042,0.0,0.0,0.0,1.0,0.258106,0.11648886865437047
222,11,6,,11.98674149875,1.0,0.29784,-0.06199255932022744,1.0,0.215385,0.016479951678161776,0.0,0.0,0.0
222,12,6,,12.098908165625,1.0,0.035889,-0.039692412630590694,0.0,0.0,0.0,0.0,0.0,0.0
222,13,6,,12.2110748325,0.0,0.0,0.0,1.0,0.339028,0.32828975421937034,1.0,0.015505,0.09470877396971215
222,14,6,,12.323241499375001,1.0,0.199831,0.053264492843113964,0.0,0.0,0.0,0.0,0.0,0.0
222,15,6,,12.435408166250001,1.0,0.321699,0.06891382230883696,0.0,0.0,0.0,0.0,0.0,0.0
222,16,6,,12.547574833125001,1.0,0.028576,0.05426894677883085,0.0,0.0,0.0,1.0,0.598202,-0.2390356589171001
222,1,7,12.6597415,12.6597415,0.0,0.0,0.0,1.0,0.59532,0.3089218535054961,1.0,0.451024,0.0144529667671841
222,2,7,,12.77490816625,1.0,0.272866,0.055995662286521405,0.0,0.0,0.0,1.0,0.370063,0.27894211750702935
222,3,7,,12.890074832500002,1.0,0.323733,0.05893343726096516,0.0,0.0,0.0,0.0,0.0,0.0
222,4,7,,13.005241498750001,1.0,0.015603,0.03662085034955636,1.0,0.356325,0.04453112534199873,1.0,0.301522,-0.24133284095996388
222,5,7,,13.120408165,0.0,0.0,0.0,0.0,0.0,0.0,1.0,0.007991,0.16740811927426139
222,6,7,,13.23557483125,1.0,0.320603,-0.08740229771129226,1.0,0.156089,0.14677136449627792,0.0,0.0,0.0
222,7,7,,13.3507414975,1.0,0.275677,-0.058736592108300234,0.0,0.0,0.0,0.0,0.0,0.0
222,8,7,,13.46590816375,1.0,0.016801,-0.08615482303241184,0.0,0.0,0.0,1.0,0.205501,-0.3209276169353468
222,9,7,,13.58107483,0.0,0.0,0.0,1.0,0.574017,0.20250798915524088,1.0,0.192481,-0.0024471490681921494
222,10,7,,13.69624149625,1.0,0.336199,-0.15024743542057215,0.0,0.0,0.0,1.0,0.292363,-0.2569276094679077
222,11,7,,13.811408162500001,1.0,0.323015,-0.12299706990955188,1.0,0.323537,0.005868343002412255,1.0,0.336669,-0.02200430543418395
222,12,7,,13.92657482875,1.0,0.016981,-0.16557593764681033,0.0,0.0,0.0,1.0,0.369049,-0.3503255765207205
222,13,7,,14.041741495,0.0,0.0,0.0,1.0,0.261399,0.19987124529620287,1.0,0.283765,-0.004840767021861133
222,14,7,,14.15690816125,1.0,0.347229,-0.10209691426229375,0.0,0.0,0.0,1.0,0.395428,0.17838354984944332
222,15,7,,14.2720748275,1.0,0.328643,-0.12140515962880541,0.0,0.0,0.0,0.0,0.0,0.0
222,16,7,,14.38724149375,1.0,0.019627,-0.08093048147948635,0.0,0.0,0.0,1.0,0.243478,-0.26436029400999783
222,1,8,14.50240816,14.50240816,0.0,0.0,0.0,1.0,0.491837,0.04992142414717319,1.0,0.008495,0.0654377445644079
222,2,8,,14.61474149375,1.0,0.329499,-0.13555632368117418,0.0,0.0,0.0,0.0,0.0,0.0
222,3,8,,14.7270748275,1.0,0.336847,-0.1172477221170319,1.0,0.311373,-0.13166908704869512,0.0,0.0,0.0
222,4,8,,14.83940816125,1.0,0.01659,-0.1325622658287794,1.0,0.154566,-0.056796687474790546,1.0,0.164819,-0.21821805186121584
222,5,8,,14.951741495,0.0,0.0,0.0,1.0,0.591211,-0.040606780264818926,1.0,0.166711,0.06579974753041033
222,6,8,,15.06407482875,1.0,0.308101,-0.2539213232421327,1.0,0.184326,-0.06350589368135631,1.0,0.247104,-0.34109046238467294
222,7,8,,15.1764081625,1.0,0.308884,-0.1896334933618907,0.0,0.0,0.0,1.0,0.294453,-0.07149402792472583
222,8,8,,15.28874149625,1.0,0.779376,-0.21638720617066784,1.0,0.251832,-0.29548216136689776,1.0,0.075699,-0.35652370416719
222,9,8,,15.401074829999999,0.0,0.0,0.0,1.0,0.540133,0.09552970290976955,1.0,0.183535,0.012971839714513054
222,10,8,,15.51340816375,1.0,0.285287,-0.28489463173258567,1.0,0.334672,0.042586079218899495,1.0,0.191819,-0.3293248986301033
222,11,8,,15.6257414975,1.0,0.346979,-0.2485682260809839,0.0,0.0,0.0,1.0,0.37673,0.0006899332318617105
222,12,8,,15.73807483125,1.0,0.027798,-0.2816958261064647,0.0,0.0,0.0,1.0,0.343487,-0.274591968566052
222,13,8,,15.850408165,0.0,0.0,0.0,1.0,0.616576,-0.0058768397408069115,1.0,0.355415,0.04187390192184016
222,14,8,,15.962741498749999,1.0,0.291858,-0.23799256959200657,0.0,0.0,0.0,1.0,0.007124,0.3400549060087177
222,15,8,,16.0750748325,1.0,0.359309,-0.2533427216122323,1.0,0.235226,-0.14291245495951535,0.0,0.0,0.0
222,16,8,,16.18740816625,1.0,0.02471,-0.21844955037665043,0.0,0.0,0.0,1.0,0.367751,-0.24775518825016238
222,1,9,16.2997415,16.2997415,0.0,0.0,0.0,1.0,0.61577,0.08217525803452747,1.0,0.571242,0.06413107534659347
222,2,9,,16.41290816625,1.0,0.349075,-0.20054638880907627,0.0,0.0,0.0,1.0,0.02237,0.21958616060231012
222,3,9,,16.5260748325,1.0,0.355061,-0.14944181940148052,0.0,0.0,0.0,0.0,0.0,0.0
222,4,9,,16.63924149875,1.0,0.530027,-0.18467009272706653,1.0,0.426678,-0.00865536453848403,1.0,0.276887,-0.09626066677563533
222,5,9,,16.752408165,0.0,0.0,0.0,0.0,0.0,0.0,1.0,0.009694,0.09689103128460326
222,6,9,,16.86557483125,1.0,0.318475,-0.21232251550931108,1.0,0.209524,0.07035789790262627,0.0,0.0,0.0
222,7,9,,16.9787414975,1.0,0.312655,-0.15773635551449097,0.0,0.0,0.0,0.0,0.0,0.0
222,8,9,,17.09190816375,1.0,0.734965,-0.1525021839193783,0.0,0.0,0.0,1.0,0.011006,-0.2306877512175309
222,9,9,,17.20507483,0.0,0.0,0.0,1.0,0.46288,0.09289104599737634,0.0,0.0,0.0
222,10,9,,17.31824149625,1.0,0.316046,-0.2513593197767368,0.0,0.0,0.0,1.0,0.007464,0.12337116761182486
222,11,9,,17.4314081625,1.0,0.306834,-0.20747419074916423,1.0,0.36031,0.02692345370738765,0.0,0.0,0.0
222,12,9,,17.544574828749997,1.0,0.027711,-0.19570099114761358,0.0,0.0,0.0,0.0,0.0,0.0
222,13,9,,17.657741495,0.0,0.0,0.0,1.0,0.097999,0.15595144387316925,1.0,0.010103,-0.0043342710027131776
222,14,9,,17.77090816125,1.0,0.274766,-0.11768625595612013,0.0,0.0,0.0,0.0,0.0,0.0
222,15,9,,17.884074827499997,1.0,0.260179,-0.11251394003133909,1.0,0.741693,-0.02921202514434477,0.0,0.0,0.0
222,16,9,,17.99724149375,1.0,0.744982,-0.09885856074690735,0.0,0.0,0.0,1.0,0.017281,-0.28575105038935883
222,1,10,18.11040816,18.11040816,0.0,0.0,0.0,0.0,0.0,0.0,1.0,0.220039,0.08498392946301524
222,2,10,,18.224074826875,1.0,0.2588,-0.135922230322712,1.0,0.038449,0.16011002719919154,1.0,0.008286,0.11769653754086142
222,3,10,,18.33774149375,1.0,0.212497,-0.10728293602035892,0.0,0.0,0.0,0.0,0.0,0.0
222,4,10,,18.451408160625,1.0,0.581452,-0.1241275126024106,0.0,0.0,0.0,1.0,0.223069,-0.17664070898710266
222,5,10,,18.5650748275,0.0,0.0,0.0,1.0,0.527157,-0.10194569629406754,1.0,0.007291,0.059016180243751444
222,6,10,,18.678741494375,1.0,0.240208,-0.15745596195480016,1.0,0.255146,0.11459389091898543,0.0,0.0,0.0
222,7,10,,18.79240816125,1.0,0.18157,-0.1501157878479973,0.0,0.0,0.0,0.0,0.0,0.0
222,8,10,,18.906074828125,1.0,0.02646,-0.2051509801958294,1.0,0.345428,-0.261772680971822,1.0,0.01327,-0.3118665225222209
222,9,10,,19.019741494999998,0.0,0.0,0.0,1.0,0.336976,0.038582155354520975,0.0,0.0,0.0
222,10,10,,19.133408161875,1.0,0.200728,-0.22258206887354912,1.0,0.096392,0.11217746130466716,1.0,0.010706,0.024719983459087807
222,11,10,,19.24707482875,1.0,0.204661,-0.11801022339074264,0.0,0.0,0.0,0.0,0.0,0.0
222,12,10,,19.360741495625,1.0,0.0289,-0.17465538641007788,1.0,0.399027,-0.23281667662605246,0.0,0.0,0.0
222,13,10,,19.4744081625,0.0,0.0,0.0,1.0,0.506624,0.08479035908210948,1.0,0.007043,0.027403262413117465
222,14,10,,19.588074829375,1.0,0.192491,-0.1499457127016939,0.0,0.0,0.0,0.0,0.0,0.0
222,15,10,,19.70174149625,1.0,0.185791,-0.02141785553259379,1.0,0.142218,-0.21066418949658472,0.0,0.0,0.0
222,16,10,,19.815408163125,1.0,0.487608,-0.10201903023822266,0.0,0.0,0.0,0.0,0.0,0.0
222,1,11,19.92907483,19.92907483,0.0,0.0,0.0,1.0,0.561558,0.037369912280687936,0.0,0.0,0.0
222,2,11,,20.043074830000002,1.0,0.230806,-0.14197219298245747,0.0,0.0,0.0,1.0,0.264537,0.1624664035087677
222,3,11,,20.15707483,1.0,0.241945,-0.15274412280699745,0.0,0.0,0.0,1.0,0.396416,0.005299736842127758
222,4,11,,20.27107483,1.0,0.015733,-0.22756868421050896,1.0,0.354886,-0.18434938596490774,1.0,0.369674,-0.20631429824562547
222,5,11,,20.38507483,0.0,0.0,0.0,0.0,0.0,0.0,1.0,0.582703,0.06283482456138845
222,6,11,,20.49907483,1.0,0.192063,-0.18001605263157644,1.0,0.195558,0.023597982456118206,1.0,0.248664,0.0681506140350833
222,7,11,,20.613074830000002,1.0,0.237733,-0.2017879824561736,0.0,0.0,0.0,0.0,0.0,0.0
222,8,11,,20.72707483,1.0,0.018023,-0.2191739473684068,0.0,0.0,0.0,1.0,0.018831,-0.190910789473693
222,9,11,,20.84107483,0.0,0.0,0.0,1.0,0.404235,0.13295763157893234,1.0,0.249966,0.10701026315788363
222,10,11,,20.95507483,1.0,0.224501,-0.1779020175438655,0.0,0.0,0.0,1.0,0.011287,0.10317692982456766
222,11,11,,21.069074829999998,1.0,0.196812,-0.15613885964910193,1.0,0.300055,-0.04177921052629015,0.0,0.0,0.0
222,12,11,,21.18307483,1.0,0.021692,-0.1959897368420994,0.0,0.0,0.0,1.0,0.230855,-0.1806125438596365
222,13,11,,21.29707483,0.0,0.0,0.0,1.0,0.185756,0.22820324561404112,1.0,0.226984,0.0060278070175356704
222,14,11,,21.41107483,1.0,0.190354,-0.1135599122806975,0.0,0.0,0.0,1.0,0.172674,0.0009576315789317077
222,15,11,,21.52507483,1.0,0.205408,-0.09162131578948052,0.0,0.0,0.0,1.0,0.192882,-0.03509500000002177
222,16,11,,21.63907483,1.0,0.029642,-0.15178798245613465,0.0,0.0,0.0,1.0,0.007159,-0.14761254385962075
222,1,12,21.75307483,21.75307483,0.0,0.0,0.0,1.0,0.471829,0.18225918042140915,1.0,0.227156,0.058437803913706156
222,2,12,,21.866908163125,1.0,0.184634,-0.14125179930682188,0.0,0.0,0.0,1.0,0.269987,0.0928360488521995
222,3,12,,21.980741496249998,1.0,0.200245,-0.0944143156925392,0.0,0.0,0.0,1.0,0.219905,-0.018426028584221207
222,4,12,,22.094574829375,1.0,0.50751,-0.15135135642633746,1.0,0.349713,-0.07060172231074388,1.0,0.193953,-0.12518151743261682
222,5,12,,22.2084081625,0.0,0.0,0.0,0.0,0.0,0.0,1.0,0.408935,0.08807470733541142
222,6,12,,22.322241495625,1.0,0.210486,-0.17698239234439606,1.0,0.149282,0.008446597746048902,1.0,0.069629,0.10364718357183719
222,7,12,,22.43607482875,1.0,0.203713,-0.09793114586006034,0.0,0.0,0.0,1.0,0.201505,0.14770867889402545
222,8,12,,22.549908161875,1.0,0.616333,-0.1693982012616947,0.0,0.0,0.0,1.0,0.006742,-0.1675797532349439
222,9,12,,22.663741495,0.0,0.0,0.0,1.0,0.403214,0.14577896073532318,1.0,0.24307,0.09237632520567263
222,10,12,,22.777574828125,1.0,0.178414,-0.12482133075552566,0.0,0.0,0.0,1.0,0.196782,0.12866329635553544
222,11,12,,22.89140816125,1.0,0.204805,-0.08986086034014533,1.0,0.416101,-0.13088575060557125,0.0,0.0,0.0
222,12,12,,23.005241494375,1.0,0.036688,-0.14241429930895438,0.0,0.0,0.0,1.0,0.217809,-0.19188135650052077
222,13,12,,23.1190748275,0.0,0.0,0.0,1.0,0.291357,0.10772918760564475,1.0,0.185812,0.07558570292017919
222,14,12,,23.232908160625,1.0,0.190658,-0.1308242517035814,0.0,0.0,0.0,1.0,0.160132,-0.06185499828304729
222,15,12,,23.346741493750002,1.0,0.22058,-0.09911414732636235,0.0,0.0,0.0,1.0,0.18575,-0.07740697305530352
222,16,12,,23.460574826875,1.0,0.025373,-0.1735241017084903,0.0,0.0,0.0,1.0,0.385573,-0.0693015539335667
222,1,13,23.57440816,23.57440816,0.0,0.0,0.0,1.0,0.52535,0.16792057742803032,1.0,0.179155,0.006302080902076277
222,2,13,,23.689741493750002,1.0,0.181152,-0.21076728608828485,0.0,0.0,0.0,1.0,0.215678,0.060750053971252764
222,3,13,,23.8050748275,1.0,0.213936,-0.19361122039881726,1.0,0.330479,-0.14362567144645147,1.0,0.366143,-0.09044937106051158
222,4,13,,23.920408161250002,1.0,0.485419,-0.24746671514643728,1.0,0.691396,-0.07133376780588767,1.0,0.250831,-0.1754840564469495
222,5,13,,24.035741495,0.0,0.0,0.0,0.0,0.0,0.0,1.0,0.503319,0.007183569338219962
222,6,13,,24.15107482875,1.0,0.112632,-0.22880487272831107,1.0,0.277781,-0.13545805225629698,1.0,0.184297,-0.04600429535403076
222,7,13,,24.2664081625,1.0,0.115837,-0.1947759747298563,0.0,0.0,0.0,0.0,0.0,0.0
222,8,13,,24.38174149625,1.0,0.015312,-0.17785401308577994,1.0,0.136427,-0.46462279817695284,1.0,0.008632,-0.36045516849547343
222,9,13,,24.497074830000003,0.0,0.0,0.0,1.0,0.694835,0.041307832220689476,1.0,0.201142,-0.09861702276514261
222,10,13,,24.61240816375,1.0,0.124627,-0.2561979506640244,1.0,0.449709,-0.06438003228186143,1.0,0.011272,-0.10734245987233605
222,11,13,,24.727741497500002,1.0,0.144339,-0.2077413070529697,0.0,0.0,0.0,0.0,0.0,0.0
222,12,13,,24.84307483125,1.0,0.045178,-0.3136025819595118,0.0,0.0,0.0,1.0,0.260951,-0.27307657054524637
222,13,13,,24.958408165,0.0,0.0,0.0,1.0,0.622872,-0.023793338064354835,1.0,0.011708,-0.10814015856887303
222,14,13,,25.07374149875,1.0,0.122439,-0.3034638608978902,0.0,0.0,0.0,0.0,0.0,0.0
222,15,13,,25.1890748325,1.0,0.127936,-0.2500216681718875,1.0,0.172632,-0.20149276661312193,0.0,0.0,0.0
222,16,13,,25.30440816625,1.0,0.462023,-0.35004768298391226,0.0,0.0,0.0,0.0,0.0,0.0
222,1,14,25.4197415,25.4197415,0.0,0.0,0.0,1.0,0.583042,0.060321585903068714,0.0,0.0,0.0
222,2,14,,25.5332415,1.0,0.145244,-0.30776651982378417,0.0,0.0,0.0,1.0,0.073628,-0.052903083700437094
222,3,14,,25.6467415,1.0,0.163252,-0.2835550660793181,0.0,0.0,0.0,0.0,0.0,0.0
222,4,14,,25.7602415,1.0,0.394073,-0.33727312775330043,1.0,0.426162,-0.20131718061673876,0.0,0.0,0.0
222,5,14,,25.8737415,0.0,0.0,0.0,0.0,0.0,0.0,1.0,0.37319,-0.010629955947155293
222,6,14,,25.9872415,1.0,0.126844,-0.15793392070485232,1.0,0.210944,0.0148590308370196,1.0,0.275009,-0.03598678414097987
222,7,14,,26.1007415,1.0,0.134676,-0.13608370044054818,0.0,0.0,0.0,0.0,0.0,0.0
222,8,14,,26.2142415,1.0,0.474656,-0.16533480176212267,0.0,0.0,0.0,1.0,0.204262,-0.34115859030838536
222,9,14,,26.327741500000002,0.0,0.0,0.0,1.0,0.478529,0.09039207048455226,1.0,0.280086,0.008207048458119344
222,10,14,,26.4412415,1.0,0.16821,-0.17018942731276565,0.0,0.0,0.0,1.0,0.011066,0.11019823788544754
222,11,14,,26.5547415,1.0,0.22378,-0.13954625550658722,1.0,0.30798,-0.04159030837002425,0.0,0.0,0.0
222,12,14,,26.6682415,1.0,0.757221,-0.1637841409691735,0.0,0.0,0.0,1.0,0.309117,-0.21270925110132424
222,13,14,,26.7817415,0.0,0.0,0.0,1.0,0.369707,0.2695638766519901,1.0,0.01327,0.06833920704845277
222,14,14,,26.8952415,1.0,0.2016,-0.13787224669604659,0.0,0.0,0.0,1.0,0.26766,0.0036343612334756707
222,15,14,,27.0087415,1.0,0.204245,-0.09932599118941056,0.0,0.0,0.0,0.0,0.0,0.0
222,16,14,,27.1222415,1.0,0.016721,-0.15111453744494183,0.0,0.0,0.0,1.0,0.296264,-0.19544933920705634
222,1,15,27.2357415,27.2357415,0.0,0.0,0.0,1.0,0.649613,0.17524963747325406,1.0,0.34113,0.046175616919759785
222,2,15,,27.350574833125,1.0,0.200595,-0.15201015811321314,0.0,0.0,0.0,1.0,0.459378,0.08776342722744666
222,3,15,,27.46540816625,1.0,0.22071,-0.11904353795183609,0.0,0.0,0.0,0.0,0.0,0.0
222,4,15,,27.580241499375,1.0,0.608274,-0.1707126218626732,1.0,0.3602,-0.04838751278735402,1.0,0.247507,-0.17078228804568304
222,5,15,,27.695074832499998,0.0,0.0,0.0,0.0,0.0,0.0,1.0,0.677725,0.03244848336802823
222,6,15,,27.809908165625,1.0,0.173031,-0.11775470812366447,1.0,0.120343,0.0990725781913484,1.0,0.038806,-0.009388960466957969
222,7,15,,27.92474149875,1.0,0.198971,-0.1030580444540086,0.0,0.0,0.0,0.0,0.0,0.0
222,8,15,,28.039574831875,1.0,0.592082,-0.16894773796979173,0.0,0.0,0.0,1.0,0.250106,-0.2439520922423006
222,9,15,,28.154408165,0.0,0.0,0.0,1.0,0.557232,0.08181278679575942,1.0,0.267386,-0.011740188700540987
222,10,15,,28.269241498124998,1.0,0.237191,-0.15360085477793234,0.0,0.0,0.0,1.0,0.008086,0.0712990004922264
222,11,15,,28.38407483125,1.0,0.244509,-0.18263713748663596,1.0,0.344556,-0.09420462644087953,0.0,0.0,0.0
222,12,15,,28.498908164375,1.0,0.018876,-0.19345571334079842,0.0,0.0,0.0,1.0,0.36867,-0.2066139136549524
222,13,15,,28.6137414975,0.0,0.0,0.0,1.0,0.329798,0.2487039409446632,1.0,0.327616,0.041473171337943475
222,14,15,,28.728574830625,1.0,0.16811,-0.16931347454519735,0.0,0.0,0.0,1.0,0.225223,-0.02543539010421189
222,15,15,,28.84340816375,1.0,0.196112,-0.1515253740049199,0.0,0.0,0.0,1.0,0.163469,-0.04104351603960604
222,16,15,,28.958241496875,1.0,0.03597,-0.24259068440238699,0.0,0.0,0.0,1.0,0.661917,-0.17524090198702671
222,1,16,29.07307483,29.07307483,0.0,0.0,0.0,1.0,0.588972,0.14602780701753254,1.0,0.057369,0.02438745614036117
222,2,16,,29.18707483,1.0,0.190437,-0.18014763157895547,0.0,0.0,0.0,0.0,0.0,0.0
222,3,16,,29.30107483,1.0,0.233139,-0.13991078947368568,0.0,0.0,0.0,0.0,0.0,0.0
222,4,16,,29.41507483,1.0,0.711387,-0.1937090350877063,1.0,0.35763,-0.12769149122803883,1.0,0.03336,-0.14415640350874354
222,5,16,,29.52907483,0.0,0.0,0.0,0.0,0.0,0.0,0.0,0.0,0.0
222,6,16,,29.64307483,1.0,0.179988,-0.22870903508772109,1.0,0.233057,-0.06384061403508375,0.0,0.0,0.0
222,7,16,,29.75707483,1.0,0.184403,-0.1805248245613942,0.0,0.0,0.0,1.0,0.012606,-0.08540201754386201
222,8,16,,29.87107483,1.0,0.656948,-0.2261914912280707,0.0,0.0,0.0,0.0,0.0,0.0
222,9,16,,29.985074830000002,0.0,0.0,0.0,1.0,0.424463,0.08085236842104719,0.0,0.0,0.0
222,10,16,,30.09907483,1.0,0.176906,-0.25360377192983113,0.0,0.0,0.0,0.0,0.0,0.0
222,11,16,,30.21307483,1.0,0.223116,-0.23524412280700563,1.0,0.433369,-0.15619149122807224,1.0,0.013003,-0.028761666666660232
222,12,16,,30.32707483,1.0,0.74973,-0.2236564035087843,0.0,0.0,0.0,0.0,0.0,0.0
222,13,16,,30.44107483,0.0,0.0,0.0,1.0,0.383182,0.11320324561403257,1.0,0.02902,0.05115938596489365
222,14,16,,30.555074830000002,1.0,0.179718,-0.2517265789473775,0.0,0.0,0.0,0.0,0.0,0.0
222,15,16,,30.66907483,1.0,0.214613,-0.2152353508771814,0.0,0.0,0.0,0.0,0.0,0.0
222,16,16,,30.78307483,1.0,0.810486,-0.2268844736842066,0.0,0.0,0.0,0.0,0.0,0.0
222,1,17,30.89707483,30.89707483,0.0,0.0,0.0,1.0,0.728837,0.11149048458147805,1.0,0.029233,0.11427462555065462
222,2,17,,31.01057483,1.0,0.208904,-0.259055770925102,0.0,0.0,0.0,0.0,0.0,0.0
222,3,17,,31.12407483,1.0,0.287729,-0.22635092511015348,0.0,0.0,0.0,0.0,0.0,0.0
222,4,17,,31.23757483,1.0,0.82052,-0.2351262555066039,1.0,0.537096,-0.1383597356828182,1.0,0.031143,-0.18110863436122968
222,5,17,,31.35107483,0.0,0.0,0.0,0.0,0.0,0.0,0.0,0.0,0.0
222,6,17,,31.46457483,1.0,0.226707,-0.2462275770925251,1.0,0.233705,-0.025434625550672954,0.0,0.0,0.0
222,7,17,,31.57807483,1.0,0.229809,-0.21113506607929441,0.0,0.0,0.0,0.0,0.0,0.0
222,8,17,,31.69157483,1.0,0.621088,-0.22101171806168451,0.0,0.0,0.0,1.0,0.021601,-0.13489718061674785
222,9,17,,31.80507483,0.0,0.0,0.0,1.0,0.556158,0.10386052863438608,0.0,0.0,0.0
222,10,17,,31.918574829999997,1.0,0.241903,-0.3316637004405054,0.0,0.0,0.0,0.0,0.0,0.0
222,11,17,,32.03207483,1.0,0.236436,-0.20724079295154452,1.0,0.502091,-0.26027162995596814,1.0,0.009524,-0.18050951541850857
222,12,17,,32.14557483,1.0,0.039351,-0.2017870484581491,0.0,0.0,0.0,0.0,0.0,0.0
222,13,17,,32.259074829999996,0.0,0.0,0.0,1.0,0.414332,0.059314273127811214,1.0,0.025502,-0.03574299559468003
222,14,17,,32.37257483,1.0,0.209934,-0.22595444933916511,0.0,0.0,0.0,0.0,0.0,0.0
222,15,17,,32.48607483,1.0,0.220379,-0.2042363876652113,0.0,0.0,0.0,0.0,0.0,0.0
222,16,17,,32.599574829999995,1.0,0.025208,-0.22095885462547554,0.0,0.0,0.0,1.0,0.112878,-0.32515268722465174
222,1,18,32.71307483,32.71307483,0.0,0.0,0.0,1.0,0.636263,0.06308947202518796,1.0,0.301557,0.04546777117770273
222,2,18,,32.826741496874995,1.0,0.220102,-0.2242917609525319,0.0,0.0,0.0,1.0,0.008415,-0.06910114540119165
222,3,18,,32.94040816375,1.0,0.218444,-0.09679322929473308,0.0,0.0,0.0,0.0,0.0,0.0
222,4,18,,33.054074830625,1.0,0.835825,-0.16578150079581327,1.0,0.440001,-0.20828296699360088,1.0,0.253026,-0.35890760014864365
222,5,18,,33.167741497499996,0.0,0.0,0.0,0.0,0.0,0.0,1.0,0.008179,0.0019926906122333587
222,6,18,,33.281408164375,1.0,0.225375,-0.19315393842898101,1.0,0.213988,-0.038913469503441836,1.0,0.280364,-0.08533868935975975
222,7,18,,33.39507483125,1.0,0.206825,-0.11340027471884186,0.0,0.0,0.0,0.0,0.0,0.0
222,8,18,,33.508741498125,1.0,0.534966,-0.1991304816731586,0.0,0.0,0.0,1.0,0.144359,-0.20828883942757787
222,9,18,,33.622408164999996,0.0,0.0,0.0,1.0,0.442021,0.025458958897635837,1.0,0.31989,-0.011869486781707064
222,10,18,,33.736074831875,1.0,0.251063,-0.21754690759245612,0.0,0.0,0.0,1.0,0.00944,0.11857625894687165
222,11,18,,33.84974149875,1.0,0.211111,-0.12355863980282975,1.0,0.40011,-0.08539441699890374,0.0,0.0,0.0
222,12,18,,33.963408165625,1.0,0.034253,-0.18043254182472768,0.0,0.0,0.0,1.0,0.337964,-0.12129471202106337
222,13,18,,34.0770748325,0.0,0.0,0.0,1.0,0.470718,0.16529179588471918,1.0,0.021898,0.05909531514095294
222,14,18,,34.190741499375,1.0,0.182609,-0.08666128466519739,0.0,0.0,0.0,1.0,0.129634,0.053810855839771986
222,15,18,,34.30440816625,1.0,0.199335,-0.061822576866141406,0.0,0.0,0.0,1.0,0.248491,-0.03113635991361033
222,16,18,,34.418074833125004,1.0,0.044858,-0.1520043967156002,1.0,0.610976,-0.19653812097411158,1.0,0.007768,-0.16311583364533275
222,1,19,34.5317415,34.5317415,0.0,0.0,0.0,1.0,0.262969,0.11981001516861982,1.0,0.257422,0.07537113429807647
222,2,19,,34.644908166250005,1.0,0.224777,-0.05487628518001687,1.0,0.57206,0.2399101665681023,1.0,0.536369,0.1632533179795589
222,3,19,,34.7580748325,1.0,0.229676,-0.0027908615713958624,0.0,0.0,0.0,0.0,0.0,0.0
222,4,19,,34.87124149875,1.0,0.021224,-0.0059955707143176514,1.0,0.284017,-0.2094830530540743,1.0,0.322251,-0.2209175155409591
222,5,19,,34.984408165000005,0.0,0.0,0.0,1.0,0.489071,0.07014287212859044,1.0,0.645022,0.10889986785305963
222,6,19,,35.09757483125,1.0,0.228934,-0.028487463286009502,1.0,0.245662,0.21303241978285808,1.0,0.065992,0.0713034060062513
222,7,19,,35.2107414975,1.0,0.242442,0.03894700308885362,0.0,0.0,0.0,1.0,0.257162,0.10862299745438996
222,8,19,,35.32390816375,1.0,0.019477,0.006634782793197623,1.0,0.439065,-0.315562567435801,1.0,0.236349,-0.25172751565437035
222,9,19,,35.43707483,0.0,0.0,0.0,1.0,0.358674,0.05935643615375631,1.0,0.324473,0.04892050091648836
222,10,19,,35.55024149625,1.0,0.216663,-0.08966859753190802,1.0,0.267977,0.21223125630419218,1.0,0.010518,0.09523567413561462
222,11,19,,35.6634081625,1.0,0.209665,-0.03766270264233416,0.0,0.0,0.0,0.0,0.0,0.0
222,12,19,,35.77657482875,1.0,0.029912,-0.14267300862543453,1.0,0.51833,-0.07452573296953632,1.0,0.306322,-0.14193957710582836
222,13,19,,35.889741494999996,0.0,0.0,0.0,1.0,0.656516,0.19957736450508579,1.0,0.013014,0.07862301943534643
222,14,19,,36.00290816125,1.0,0.270646,-0.11673191132817853,0.0,0.0,0.0,1.0,0.177616,-0.06699111585779872
222,15,19,,36.1160748275,1.0,0.255482,-0.15180996374010536,1.0,0.338738,-0.0771236600778008,1.0,0.241619,-0.07842262915473373
222,16,19,,36.229241493749996,1.0,0.02219,-0.1448615064243284,0.0,0.0,0.0,1.0,0.455561,-0.20520613109425553
222,1,20,36.34240816,36.34240816,0.0,0.0,0.0,1.0,0.743524,0.22943755772266136,1.0,0.263515,0.08234162775737944
222,2,20,,36.457074826875,1.0,0.245684,-0.0036438390195512992,0.0,0.0,0.0,1.0,0.718163,0.22545499777347563
222,3,20,,36.57174149375,1.0,0.213802,-0.03589093380106623,0.0,0.0,0.0,0.0,0.0,0.0
222,4,20,,36.686408160625,1.0,0.624407,-0.1051758192129573,1.0,0.474989,-0.11403628431313709,1.0,0.209455,-0.20902465623362484
222,5,20,,36.8010748275,0.0,0.0,0.0,0.0,0.0,0.0,1.0,0.575642,0.08645208559873369
222,6,20,,36.915741494375,1.0,0.222518,-0.09686768332688256,1.0,0.290434,0.021074176923918553,1.0,0.0174,0.07573696752226478
222,7,20,,37.03040816125,1.0,0.173715,-0.08881535957702592,0.0,0.0,0.0,0.0,0.0,0.0
222,8,20,,37.145074828125,1.0,0.018014,-0.13193745433877638,0.0,0.0,0.0,1.0,0.007578,-0.28563512847811123
222,9,20,,37.259741495,0.0,0.0,0.0,1.0,0.623661,0.09116428762507105,1.0,0.340123,-0.036004316795078505
222,10,20,,37.374408161875,1.0,0.246891,-0.145344434692332,0.0,0.0,0.0,1.0,0.007351,0.09384451836142503
222,11,20,,37.48907482875,1.0,0.205528,-0.1662979248432126,1.0,0.603571,-0.07761478546941454,0.0,0.0,0.0
222,12,20,,37.603741495625,1.0,0.647832,-0.21773106610151383,0.0,0.0,0.0,1.0,0.32278,-0.13148106625823225
222,13,20,,37.7184081625,0.0,0.0,0.0,1.0,0.467848,0.16710032673130737,1.0,0.249093,-0.009725254342792434
222,14,20,,37.833074829375,1.0,0.210561,-0.1230246745584759,0.0,0.0,0.0,1.0,0.163636,-0.0644549072229918
222,15,20,,37.94774149625,1.0,0.168511,-0.0747601415793186,0.0,0.0,0.0,1.0,0.175534,-0.05635025789184306
222,16,20,,38.062408163125,1.0,0.039481,-0.14578049210429156,0.0,0.0,0.0,1.0,0.007304,-0.2622310732880819
222,1,21,38.17707483,38.17707483,0.0,0.0,0.0,1.0,0.618336,0.08535548672565406,1.0,0.215452,0.016373185840684312
222,2,21,,38.29007483,1.0,0.244441,-0.12683035398233028,0.0,0.0,0.0,1.0,0.316491,0.0330634513274007
222,3,21,,38.40307483,1.0,0.245668,-0.11622858407080588,0.0,0.0,0.0,1.0,0.455198,-0.011405575221239148
222,4,21,,38.51607483,1.0,0.669008,-0.1321046902654674,1.0,0.470958,-0.13073300884954295,1.0,0.207262,-0.13429938053100937
222,5,21,,38.62907483,0.0,0.0,0.0,0.0,0.0,0.0,1.0,0.587921,0.09437318584069336
222,6,21,,38.74207483,1.0,0.228506,-0.09229938053097064,1.0,0.220812,0.08370946902654473,1.0,0.27558,0.0440015044247971
222,7,21,,38.85507483,1.0,0.245532,-0.09289230088496508,0.0,0.0,0.0,0.0,0.0,0.0
222,8,21,,38.96807483,1.0,0.512091,-0.14355601769910867,0.0,0.0,0.0,1.0,0.016337,-0.20689230088494445
222,9,21,,39.081074830000006,0.0,0.0,0.0,1.0,0.468224,0.18097495575218306,1.0,0.247615,0.026275840707902506
222,10,21,,39.194074830000005,1.0,0.267015,-0.1594498230088955,0.0,0.0,0.0,1.0,0.25859,0.07347053097339167
222,11,21,,39.307074830000005,1.0,0.228509,-0.12891000000006073,1.0,0.473211,-0.03960911504428393,1.0,0.242156,0.06916964601768279
222,12,21,,39.420074830000004,1.0,0.041656,-0.16055601769913483,0.0,0.0,0.0,1.0,0.345466,-0.06848522123894694
222,13,21,,39.533074830000004,0.0,0.0,0.0,1.0,0.093582,0.22165637168135893,1.0,0.35784,0.09636433628317446
222,14,21,,39.64607483,1.0,0.209619,-0.10746752212395191,0.0,0.0,0.0,1.0,0.279668,0.025089999999976503
222,15,21,,39.75907483,1.0,0.195267,-0.05443212389383055,0.0,0.0,0.0,1.0,0.248989,-0.011573716814175145
222,16,21,,39.87207483,1.0,0.033963,-0.07368876106196004,0.0,0.0,0.0,1.0,0.622193,-0.1219276991150643
222,1,22,39.98507483,39.98507483,0.0,0.0,0.0,0.0,0.0,0.0,1.0,0.239197,0.018877196565855636
222,2,22,,40.100408163125,1.0,0.199494,-0.05979332200112482,1.0,0.249916,0.4555737309529701,1.0,0.523849,0.06265176492525966
222,3,22,,40.215741496250004,1.0,0.215379,-0.056986961808152256,0.0,0.0,0.0,1.0,0.019729,-0.13988580588857605
222,4,22,,40.331074829375,1.0,0.02267,-0.12391759596080822,0.0,0.0,0.0,0.0,0.0,0.0
222,5,22,,40.4464081625,0.0,0.0,0.0,1.0,0.508722,0.14353038320722797,0.0,0.0,0.0
222,6,22,,40.561741495625,1.0,0.207216,-0.1332008293590911,1.0,0.203479,0.22170957590623902,0.0,0.0,0.0
222,7,22,,40.67707482875,1.0,0.193486,-0.14207365993874493,0.0,0.0,0.0,0.0,0.0,0.0
222,8,22,,40.792408161875,1.0,0.016086,-0.1580129645195661,1.0,0.307085,-0.11596961184246414,0.0,0.0,0.0
222,9,22,,40.907741494999996,0.0,0.0,0.0,1.0,0.379893,0.10986854066095152,0.0,0.0,0.0
222,10,22,,41.023074828125,1.0,0.192402,-0.2572268339183553,1.0,0.137023,0.1930072709411603,1.0,0.336551,-0.03298116877339557
222,11,22,,41.13840816125,1.0,0.206172,-0.2008800112009952,0.0,0.0,0.0,1.0,0.581726,-0.031171918408883795
222,12,22,,41.253741494375,1.0,0.046134,-0.19158810186340788,1.0,0.561451,-0.1929753851029171,0.0,0.0,0.0
222,13,22,,41.3690748275,0.0,0.0,0.0,1.0,0.5086,0.06102461716222164,1.0,0.126837,-0.06440312872907379
222,14,22,,41.484408160625,1.0,0.216641,-0.20471237573109308,0.0,0.0,0.0,1.0,0.39123,-0.03348694189578966
222,15,22,,41.599741493749995,1.0,0.193365,-0.19014879008334606,1.0,0.228678,-0.2001719114886878,0.0,0.0,0.0
222,16,22,,41.715074826875,1.0,0.554065,-0.2262557247583701,0.0,0.0,0.0,1.0,0.327693,-0.23787422188917517
222,1,23,41.83040816,41.83040816,0.0,0.0,0.0,1.0,0.608118,0.1316344234593987,1.0,0.330695,0.02053740902024784
222,2,23,,41.945604775,1.0,0.213801,-0.23820817130782707,0.0,0.0,0.0,1.0,0.284528,-0.05201346411088682
222,3,23,,42.060801389999995,1.0,0.203383,-0.17115424789167447,0.0,0.0,0.0,1.0,0.129567,-0.09347835437695216
222,4,23,,42.175998005,1.0,0.015584,-0.25449536863557365,1.0,0.462866,-0.19648151119712098,1.0,0.404294,-0.13825063349297978
222,5,23,,42.29119462,0.0,0.0,0.0,0.0,0.0,0.0,1.0,0.171221,-0.014493655043607218
222,6,23,,42.406391235,1.0,0.200023,-0.25469702386653326,1.0,0.163515,-0.05159209756296747,1.0,0.473646,0.07547760843494547
222,7,23,,42.52158785,1.0,0.159229,-0.2388859255977215,0.0,0.0,0.0,0.0,0.0,0.0
222,8,23,,42.636784465,1.0,0.015483,-0.24719011925827095,0.0,0.0,0.0,1.0,0.25266,-0.4535243071161437
222,9,23,,42.75198108,0.0,0.0,0.0,1.0,0.508534,0.025998333371158155,1.0,0.00648,-0.10746913006080575
222,10,23,,42.867177695,1.0,0.177543,-0.29859987639395513,0.0,0.0,0.0,1.0,0.268241,0.2402440818247556
222,11,23,,42.98237431,1.0,0.188004,-0.2515812639112564,1.0,0.459178,-0.18601510122495404,0.0,0.0,0.0
222,12,23,,43.097570925,1.0,0.591661,-0.3593588665778074,0.0,0.0,0.0,1.0,0.56237,-0.3732655252066074
222,13,23,,43.21276754,0.0,0.0,0.0,1.0,0.354647,0.09110041992116323,1.0,0.011616,0.14598918553291093
222,14,23,,43.327964155000004,1.0,0.153099,-0.3294988745980093,0.0,0.0,0.0,0.0,0.0,0.0
222,15,23,,43.443160770000006,1.0,0.166219,-0.3088438839978295,0.0,0.0,0.0,0.0,0.0,0.0
222,16,23,,43.558357385,1.0,0.533927,-0.33095056655963856,0.0,0.0,0.0,0.0,0.0,0.0
222,1,24,43.673554,43.673554,0.0,0.0,0.0,1.0,0.568738,0.10541005942290863,0.0,0.0,0.0
222,2,24,,43.788524051875,1.0,0.164394,-0.2805778665741334,0.0,0.0,0.0,0.0,0.0,0.0
222,3,24,,43.903494103750006,1.0,0.209667,-0.21635289664001134,0.0,0.0,0.0,0.0,0.0,0.0
222,4,24,,44.018464155625004,1.0,0.7215,-0.2758297061523531,1.0,0.46709,-0.22329428582771288,1.0,0.416708,-0.38319679696159265
222,5,24,,44.1334342075,0.0,0.0,0.0,0.0,0.0,0.0,1.0,0.0067,-0.07719582060947579
222,6,24,,44.248404259375,1.0,0.176059,-0.23511565780965743,1.0,0.119199,-0.147075339179482,1.0,0.456499,0.2097306231645164
222,7,24,,44.36337431125,1.0,0.17668,-0.21843350368581482,0.0,0.0,0.0,0.0,0.0,0.0
222,8,24,,44.478344363125004,1.0,0.021983,-0.23730843537119484,0.0,0.0,0.0,1.0,0.475326,-0.29286203298936414
222,9,24,,44.593314415,0.0,0.0,0.0,1.0,0.354049,-0.03816137270925004,1.0,0.376761,0.011590714088299878
222,10,24,,44.708284466875,1.0,0.191369,-0.22323610763351065,0.0,0.0,0.0,1.0,0.39709,0.24391163322681939
222,11,24,,44.823254518750005,1.0,0.188249,-0.21430379779936806,1.0,0.298999,-0.1986388487919645,0.0,0.0,0.0
222,12,24,,44.938224570625,1.0,0.025108,-0.2439032614814165,0.0,0.0,0.0,0.0,0.0,0.0
222,13,24,,45.0531946225,0.0,0.0,0.0,1.0,0.269565,0.0705172987902211,1.0,0.007886,0.18324230663913882
222,14,24,,45.168164674375,1.0,0.178334,-0.21830619335799376,0.0,0.0,0.0,0.0,0.0,0.0
222,15,24,,45.28313472625,1.0,0.167982,-0.15612523398276776,0.0,0.0,0.0,0.0,0.0,0.0
222,16,24,,45.398104778125,1.0,0.024987,-0.14585344488873653,0.0,0.0,0.0,1.0,0.241505,0.2870679915051328
222,1,25,45.51307483,45.51307483,0.0,0.0,0.0,1.0,0.762529,0.03419362445414055,1.0,0.18697,-0.08257493449784134
222,2,25,,45.62757483,1.0,0.192812,-0.12476707423579617,0.0,0.0,0.0,1.0,0.251112,0.2713202620087569
222,3,25,,45.74207483,1.0,0.161342,-0.07509895196503814,0.0,0.0,0.0,1.0,0.28008,-0.00029545851528007416
222,4,25,,45.85657483,1.0,0.396177,-0.11555310043666149,1.0,0.480074,-0.19633912663754854,1.0,0.354119,-0.4001469868995621
222,5,25,,45.97107483,0.0,0.0,0.0,0.0,0.0,0.0,1.0,0.094895,-0.09222558951963587
222,6,25,,46.08557483,1.0,0.176656,-0.16518628820956702,1.0,0.201915,0.026167423580811987,1.0,0.45174,0.11759100436680292
222,7,25,,46.20007483,1.0,0.128223,-0.0949854148471292,0.0,0.0,0.0,0.0,0.0,0.0
222,8,25,,46.31457483,1.0,0.026119,-0.11176270742357422,0.0,0.0,0.0,1.0,0.380172,-0.4428893449781664
222,9,25,,46.429074830000005,0.0,0.0,0.0,1.0,0.647295,0.03337266375541341,1.0,0.052186,0.0076434061134792826
222,10,25,,46.543574830000004,1.0,0.200512,-0.19002471615725516,0.0,0.0,0.0,0.0,0.0,0.0
222,11,25,,46.658074830000004,1.0,0.222018,-0.14119502183408847,1.0,0.591301,-0.0730378165939123,0.0,0.0,0.0
222,12,25,,46.77257483,1.0,0.575611,-0.22387624454151916,0.0,0.0,0.0,1.0,0.250268,0.2429709170305533
222,13,25,,46.88707483,0.0,0.0,0.0,1.0,0.301889,0.2506303056768029,1.0,0.214923,-0.17627799126638113
222,14,25,,47.00157483,1.0,0.212075,-0.11979764192139694,0.0,0.0,0.0,1.0,0.14467,0.18429842794758947
222,15,25,,47.11607483,1.0,0.188252,-0.1012998253275467,0.0,0.0,0.0,1.0,0.233721,-0.07080200873364806
222,16,25,,47.23057483,1.0,0.023573,-0.12146576419214752,0.0,0.0,0.0,1.0,0.289211,0.284481834061129
222,1,26,47.34507483,47.34507483,0.0,0.0,0.0,1.0,0.666124,0.2676904355601602,1.0,0.22849,0.026600319719126315
222,2,26,,47.459741496875004,1.0,0.21365,-0.016565379693783525,0.0,0.0,0.0,1.0,0.227586,-0.24590840253288157
222,3,26,,47.57440816375,1.0,0.173203,0.04484159512199286,0.0,0.0,0.0,1.0,0.271333,0.17331833907463084
222,4,26,,47.689074830625,1.0,0.017496,-0.022132243782479244,1.0,0.429257,-0.05063224373068486,1.0,0.202375,-0.28930666190171556
222,5,26,,47.8037414975,0.0,0.0,0.0,0.0,0.0,0.0,1.0,0.082186,0.08251310304777879
222,6,26,,47.918408164375,1.0,0.182792,-0.02314678229808049,1.0,0.211365,0.14098984531070174,1.0,0.274278,-0.283797944615202
222,7,26,,48.03307483125,1.0,0.180568,0.0049985646711654275,0.0,0.0,0.0,1.0,0.328022,0.007143913504451427
222,8,26,,48.147741498125,1.0,0.024606,-0.06960608817293618,0.0,0.0,0.0,1.0,0.430004,0.25126309729055657
222,9,26,,48.262408165,0.0,0.0,0.0,1.0,0.659237,0.19314972348632622,1.0,0.120501,-0.07677178765117917
222,10,26,,48.377074831875,1.0,0.197279,-0.09336481269374433,0.0,0.0,0.0,1.0,0.128745,0.20736774489938567
222,11,26,,48.49174149875,1.0,0.192413,-0.06295202386817686,1.0,0.400337,-0.01566714023319433,1.0,0.404795,-0.12725144235601363
222,12,26,,48.606408165625,1.0,0.022958,-0.14120202554283193,0.0,0.0,0.0,1.0,0.47363,0.07594041592309081
222,13,26,,48.7210748325,0.0,0.0,0.0,1.0,0.340751,0.2930508788280011,1.0,0.552537,-0.13109156226182214
222,14,26,,48.835741499375,1.0,0.176027,-0.08491133160440205,0.0,0.0,0.0,1.0,0.01495,0.2058793655416795
222,15,26,,48.95040816625,1.0,0.146459,-0.045053775354185,0.0,0.0,0.0,0.0,0.0,0.0
222,16,26,,49.065074833124996,1.0,0.033126,-0.09121947476156779,0.0,0.0,0.0,1.0,0.010035,-0.26714680002332125
222,1,27,49.1797415,49.1797415,0.0,0.0,0.0,1.0,0.644972,0.2404049351241441,1.0,0.75014,0.1785239480742843
222,2,27,,49.294574833125,1.0,0.157056,-0.047746006980678386,0.0,0.0,0.0,0.0,0.0,0.0
222,3,27,,49.409408166249996,1.0,0.199441,0.01894775402568259,0.0,0.0,0.0,1.0,0.329719,0.06799274685781674
222,4,27,,49.524241499375,1.0,0.563796,-0.06905224431978385,1.0,0.479586,-0.05561537927365231,0.0,0.0,0.0
222,5,27,,49.6390748325,0.0,0.0,0.0,0.0,0.0,0.0,0.0,0.0,0.0
222,6,27,,49.753908165625,1.0,0.152317,-0.04610303890798685,1.0,0.236003,0.13571699044939836,1.0,0.007909,0.21182729537705725
222,7,27,,49.86874149875,1.0,0.132437,0.017368661134585826,0.0,0.0,0.0,0.0,0.0,0.0
222,8,27,,49.983574831874996,1.0,0.033749,-0.00823656206133084,0.0,0.0,0.0,0.0,0.0,0.0
222,9,27,,50.098408164999995,0.0,0.0,0.0,1.0,0.603137,0.20011467380289347,1.0,0.263044,0.17064587839380707
222,10,27,,50.213241498125,1.0,0.182324,0.029412207963380683,0.0,0.0,0.0,0.0,0.0,0.0
222,11,27,,50.32807483125,1.0,0.191414,0.031499292509953716,1.0,0.041556,0.004259814956935285,0.0,0.0,0.0
222,12,27,,50.442908164375,1.0,0.052425,-0.04349925443302264,0.0,0.0,0.0,1.0,0.316221,0.03568507081948991
222,13,27,,50.5577414975,0.0,0.0,0.0,1.0,0.165458,0.1980566259036426,1.0,0.407815,0.20815822243864895
222,14,27,,50.672574830624995,1.0,0.162927,0.020727164406268348,0.0,0.0,0.0,0.0,0.0,0.0
222,15,27,,50.78740816375,1.0,0.115918,0.05413790648426363,1.0,0.977879,0.051856338991015605,1.0,0.30655,0.20277941618789075
222,16,27,,50.902241496875,1.0,0.47837,-0.0031393051580627007,0.0,0.0,0.0,0.0,0.0,0.0
222,1,28,51.01707483,51.01707483,0.0,0.0,0.0,0.0,0.0,0.0,0.0,0.0,0.0
222,2,28,,51.132241496875,1.0,0.145735,-0.05765988593037222,1.0,0.513922,0.302218550466323,1.0,0.007273,0.10499134387670091
222,3,28,,51.247408163749995,1.0,0.16155,-0.060999974563983254,0.0,0.0,0.0,0.0,0.0,0.0
222,4,28,,51.362574830625,1.0,0.029275,-0.11324310218298578,0.0,0.0,0.0,0.0,0.0,0.0
222,5,28,,51.4777414975,0.0,0.0,0.0,1.0,0.69562,0.0915065338431921,1.0,0.461558,0.000646910273781691
222,6,28,,51.592908164375,1.0,0.160045,-0.05664976292207517,1.0,0.474127,0.25637483853769055,1.0,0.393177,0.04205067105278003
222,7,28,,51.70807483125,1.0,0.120868,-0.08052530737964943,0.0,0.0,0.0,0.0,0.0,0.0
222,8,28,,51.823241498125,1.0,0.018574,-0.16089289225596895,1.0,0.383083,-0.14805063468154822,1.0,0.00693,-0.3159811698336275
222,9,28,,51.938408165,0.0,0.0,0.0,1.0,0.749458,0.13140811843088737,1.0,0.356344,-0.06956149046750237
222,10,28,,52.053574831875,1.0,0.164018,-0.14539651384692398,1.0,0.145539,0.22009986754691258,1.0,0.009329,0.02275109800520397
222,11,28,,52.168741498749995,1.0,0.183349,-0.1547713347416908,0.0,0.0,0.0,0.0,0.0,0.0
222,12,28,,52.283908165625,1.0,0.042026,-0.15928363755558939,1.0,0.61024,-0.04790592429829864,1.0,0.340645,-0.18916207454925527
222,13,28,,52.3990748325,0.0,0.0,0.0,1.0,0.734318,0.1147568811238558,1.0,0.008909,0.028916070859442485
222,14,28,,52.514241499375,1.0,0.209802,-0.17671345300880983,0.0,0.0,0.0,0.0,0.0,0.0
222,15,28,,52.62940816625,1.0,0.157952,-0.18540231153151168,1.0,0.392524,-0.13262662421740973,0.0,0.0,0.0
222,16,28,,52.744574833125,1.0,0.653289,-0.228684512972722,0.0,0.0,0.0,0.0,0.0,0.0
222,1,29,52.8597415,52.8597415,0.0,0.0,0.0,1.0,0.616584,0.17084649122810266,0.0,0.0,0.0
222,2,29,,52.973741499999996,1.0,0.171382,-0.2303289473683628,0.0,0.0,0.0,1.0,0.247258,0.09558333333334616
222,3,29,,53.0877415,1.0,0.22595,-0.242083333333329,0.0,0.0,0.0,0.0,0.0,0.0
222,4,29,,53.2017415,1.0,0.58427,-0.2697324561403476,1.0,0.483349,-0.16583771929820892,0.0,0.0,0.0
222,5,29,,53.3157415,0.0,0.0,0.0,0.0,0.0,0.0,1.0,0.420858,0.05334649122807601
222,6,29,,53.4297415,1.0,0.201364,-0.13894298245613015,1.0,0.408264,0.09877631578946544,1.0,0.303613,0.05546929824562059
222,7,29,,53.543741499999996,1.0,0.197217,-0.10874122807012676,0.0,0.0,0.0,0.0,0.0,0.0
222,8,29,,53.6577415,1.0,0.026207,-0.17607456140349306,0.0,0.0,0.0,1.0,0.006747,-0.21481140350874914
222,9,29,,53.7717415,0.0,0.0,0.0,1.0,0.574815,0.1486447368421581,1.0,0.358505,0.1869956140351107
222,10,29,,53.885741499999995,1.0,0.170982,-0.1479868421052318,0.0,0.0,0.0,1.0,0.014367,0.18135526315794723
222,11,29,,53.9997415,1.0,0.125221,-0.07917105263158009,1.0,0.03267,-0.12847807017542232,0.0,0.0,0.0
222,12,29,,54.113741499999996,1.0,0.074947,-0.15630263157892552,0.0,0.0,0.0,1.0,0.259368,0.024574561403543565
222,13,29,,54.22774149999999,0.0,0.0,0.0,1.0,0.588467,0.17787280701760033,1.0,0.008806,0.18015350877196235
222,14,29,,54.3417415,1.0,0.154264,-0.07196052631579539,0.0,0.0,0.0,0.0,0.0,0.0
222,15,29,,54.455741499999995,1.0,0.103913,-0.026969298245586276,0.0,0.0,0.0,0.0,0.0,0.0
222,16,29,,54.5697415,1.0,0.052898,-0.06345175438594994,1.0,0.671048,-0.17785526315787087,0.0,0.0,0.0
222,1,30,54.6837415,54.6837415,0.0,0.0,0.0,1.0,0.429259,0.1132304347826127,0.0,0.0,0.0
222,2,30,,54.7987415,1.0,0.123449,-0.025039130434771857,1.0,0.68814,0.21321304347829023,1.0,0.144208,0.3111869565217371
222,3,30,,54.9137415,1.0,0.095546,-0.0071086956522058795,0.0,0.0,0.0,0.0,0.0,0.0
222,4,30,,55.028741499999995,1.0,0.02133,-0.11446521739128011,1.0,0.366905,-0.11516086956516682,0.0,0.0,0.0
222,5,30,,55.1437415,0.0,0.0,0.0,1.0,0.802787,0.10549130434784516,0.0,0.0,0.0
222,6,30,,55.2587415,1.0,0.178309,-0.15806521739130316,1.0,0.478695,0.18052608695653177,0.0,0.0,0.0
222,7,30,,55.373741499999994,1.0,0.145651,-0.11348260869557557,0.0,0.0,0.0,0.0,0.0,0.0
222,8,30,,55.488741499999996,1.0,0.025462,-0.21784782608689995,1.0,0.562073,-0.19621304347820812,1.0,0.299374,-0.08744782608693301
222,9,30,,55.6037415,0.0,0.0,0.0,1.0,0.526217,0.0929782608696041,0.0,0.0,0.0
222,10,30,,55.7187415,1.0,0.149818,-0.22525652173915162,1.0,0.393989,0.17052608695650892,0.0,0.0,0.0
222,11,30,,55.8337415,1.0,0.125086,-0.24970000000003145,0.0,0.0,0.0,0.0,0.0,0.0
222,12,30,,55.9487415,1.0,0.032271,-0.2796130434782097,1.0,0.632926,-0.09373478260867808,0.0,0.0,0.0
222,13,30,,56.0637415,0.0,0.0,0.0,1.0,0.847488,0.1379782608695525,0.0,0.0,0.0
222,14,30,,56.1787415,1.0,0.146064,-0.18624782608697846,0.0,0.0,0.0,1.0,0.201233,0.151126086956493
222,15,30,,56.293741499999996,1.0,0.177906,-0.14618695652169975,1.0,0.508745,-0.14492608695645287,0.0,0.0,0.0
222,16,30,,56.4087415,1.0,0.024931,-0.18866521739127798,0.0,0.0,0.0,0.0,0.0,0.0
222,1,31,56.5237415,56.5237415,0.0,0.0,0.0,1.0,0.644774,0.014381443351900986,0.0,0.0,0.0
222,2,31,,56.63690816625,1.0,0.169637,-0.10111781701445689,0.0,0.0,0.0,1.0,0.241473,0.20118851694100134
222,3,31,,56.7500748325,1.0,0.14741,-0.09712075882591428,0.0,0.0,0.0,0.0,0.0,0.0
222,4,31,,56.86324149875,1.0,0.495785,-0.1784668526453387,1.0,0.513829,-0.13170396587518804,0.0,0.0,0.0
222,5,31,,56.976408165,0.0,0.0,0.0,0.0,0.0,0.0,0.0,0.0,0.0
222,6,31,,57.08957483125,1.0,0.186137,-0.07644328084105118,1.0,0.176052,0.07702063724975648,1.0,0.126525,0.2145434654438749
222,7,31,,57.2027414975,1.0,0.215699,0.0005434683378156749,0.0,0.0,0.0,0.0,0.0,0.0
222,8,31,,57.31590816375,1.0,0.586781,-0.04214283152487081,0.0,0.0,0.0,0.0,0.0,0.0
222,9,31,,57.429074830000005,0.0,0.0,0.0,1.0,0.696894,0.11044038332262238,0.0,0.0,0.0
222,10,31,,57.54224149625,1.0,0.20867,0.031365276256878495,0.0,0.0,0.0,1.0,0.174256,0.10805747094279014
222,11,31,,57.6554081625,1.0,0.163699,0.05746248180215345,1.0,0.490806,-0.02549480863584323,0.0,0.0,0.0
222,12,31,,57.768574828750005,1.0,0.041225,0.03967750750983838,0.0,0.0,0.0,0.0,0.0,0.0
222,13,31,,57.881741495,0.0,0.0,0.0,1.0,0.416432,0.40299415465016875,1.0,0.008035,0.05592198842385628
222,14,31,,57.99490816125,1.0,0.171134,0.10297942968696217,0.0,0.0,0.0,0.0,0.0,0.0
222,15,31,,58.108074827500005,1.0,0.114801,0.10809872646572208,0.0,0.0,0.0,0.0,0.0,0.0
222,16,31,,58.22124149375,1.0,0.463252,0.061948509064589624,0.0,0.0,0.0,1.0,0.08904,-0.07975399513902237
222,1,32,58.33440816,58.33440816,0.0,0.0,0.0,1.0,0.684343,0.40707291355879827,0.0,0.0,0.0
222,2,32,,58.451074826875,1.0,0.215493,0.021567198175792866,0.0,0.0,0.0,0.0,0.0,0.0
222,3,32,,58.567741493750006,1.0,0.126621,0.03513862493719394,0.0,0.0,0.0,1.0,0.128768,0.07189291058586908
222,4,32,,58.684408160625004,1.0,0.5049,-0.012507091049125688,1.0,0.414528,0.0369500517196868,0.0,0.0,0.0
222,5,32,,58.8010748275,0.0,0.0,0.0,0.0,0.0,0.0,0.0,0.0,0.0
222,6,32,,58.917741494375,1.0,0.212483,-0.03553280886514242,1.0,0.212493,0.23716719064791195,1.0,0.045844,0.1456243336685169
222,7,32,,59.03440816125,1.0,0.170523,-0.033867096368101174,0.0,0.0,0.0,0.0,0.0,0.0
222,8,32,,59.151074828125005,1.0,0.039414,-0.0765413837919361,0.0,0.0,0.0,0.0,0.0,0.0
222,9,32,,59.267741495,0.0,0.0,0.0,1.0,0.534748,0.23006147101771285,1.0,0.083674,0.0041528999925477365
222,10,32,,59.384408161875,1.0,0.272983,-0.18044710146347218,0.0,0.0,0.0,0.0,0.0,0.0
222,11,32,,59.501074828750006,1.0,0.212163,-0.1637813889933275,1.0,0.36016,-0.053192817762200036,0.0,0.0,0.0
222,12,32,,59.617741495625005,1.0,0.7165,-0.2319899620857589,0.0,0.0,0.0,1.0,0.247265,-0.19615281929264855
222,13,32,,59.7344081625,0.0,0.0,0.0,1.0,0.362594,0.26670717809513755,0.0,0.0,0.0
222,14,32,,59.851074829375,1.0,0.285751,-0.25541853704393164,0.0,0.0,0.0,0.0,0.0,0.0
222,15,32,,59.96774149625,1.0,0.187028,-0.22709568173735342,0.0,0.0,0.0,1.0,0.095067,-0.13006711048200403
222,16,32,,60.084408163125005,1.0,0.70486,-0.26917854059078655,0.0,0.0,0.0,0.0,0.0,0.0
222,1,33,60.20107483,60.20107483,0.0,0.0,0.0,1.0,0.667638,0.204611428814823,0.0,0.0,0.0
222,2,33,,60.315072225625,1.0,0.235296,-0.2916139043593214,0.0,0.0,0.0,1.0,0.206776,-0.06439818721082503
222,3,33,,60.42906962125,1.0,0.202904,-0.2922928288608358,0.0,0.0,0.0,0.0,0.0,0.0
222,4,33,,60.543067016875,1.0,0.018225,-0.2584797373084618,1.0,0.417302,-0.05093990825982489,0.0,0.0,0.0
222,5,33,,60.657064412500006,0.0,0.0,0.0,0.0,0.0,0.0,1.0,0.455062,-0.009872265009557011
222,6,33,,60.771061808125005,1.0,0.202231,-0.23747742636211083,1.0,0.262668,0.15276833106156146,1.0,0.408305,0.009387862495691767
222,7,33,,60.885059203750004,1.0,0.113516,-0.17947079964267257,0.0,0.0,0.0,0.0,0.0,0.0
222,8,33,,60.999056599375,1.0,0.593143,-0.2090802096339597,0.0,0.0,0.0,1.0,0.016555,-0.4074093019438963
222,9,33,,61.113053995,0.0,0.0,0.0,1.0,0.591887,0.22697891349301882,1.0,0.439098,-0.025746158356624
222,10,33,,61.227051390625,1.0,0.246043,-0.2490705201581989,0.0,0.0,0.0,1.0,0.014056,0.07092801840490771
222,11,33,,61.34104878625,1.0,0.22002,-0.18755504134789544,1.0,0.41637,-0.06990323073880064,0.0,0.0,0.0
222,12,33,,61.455046181875,1.0,0.019271,-0.2316998711258975,0.0,0.0,0.0,1.0,0.38301,-0.2941135776934061
222,13,33,,61.5690435775,0.0,0.0,0.0,1.0,0.367805,0.27885218189168026,1.0,0.013733,0.011407475520577207
222,14,33,,61.683040973125,1.0,0.282681,-0.16268769144523862,0.0,0.0,0.0,1.0,0.156721,-0.0922036250685718
222,15,33,,61.79703836875,1.0,0.205561,-0.1242955479142235,0.0,0.0,0.0,1.0,0.299802,-0.15443658737536684
222,16,33,,61.911035764375,1.0,0.039938,-0.15062418120047907,0.0,0.0,0.0,1.0,0.00602,-0.23127514651064296
222,1,34,62.02503316,62.02503316,0.0,0.0,0.0,1.0,0.64477,0.25172454038873826,1.0,0.42816,0.025547822198159265
222,2,34,,62.140535764375,1.0,0.32241,-0.11837624310713096,0.0,0.0,0.0,1.0,0.79975,0.09637216134851165
222,3,34,,62.25603836875,1.0,0.300068,-0.12264111988340001,0.0,0.0,0.0,0.0,0.0,0.0
222,4,34,,62.371540973125,1.0,0.547793,-0.14661118003901907,1.0,0.343439,-0.022397530679041686,1.0,0.25792,-0.2886858985165529
222,5,34,,62.4870435775,0.0,0.0,0.0,0.0,0.0,0.0,1.0,0.028624,0.008419052585527404
222,6,34,,62.602546181875,1.0,0.26436,-0.20846440654120038,1.0,0.189016,0.1492677868026908,1.0,0.024973,-0.032615557851557606
222,7,34,,62.71804878625,1.0,0.237328,-0.14838441386444107,0.0,0.0,0.0,0.0,0.0,0.0
222,8,34,,62.833551390625,1.0,0.020592,-0.2165266381682298,0.0,0.0,0.0,1.0,0.373773,-0.3006719269484665
222,9,34,,62.949053995,0.0,0.0,0.0,1.0,0.61045,0.19291344226021026,1.0,0.455243,0.033003628105422546
222,10,34,,63.064556599375,1.0,0.244926,-0.25915951884352023,0.0,0.0,0.0,1.0,0.009809,0.054279300963978816
222,11,34,,63.18005920375,1.0,0.22208,-0.2460827953083467,1.0,0.42832,-0.15416279006304442,0.0,0.0,0.0
222,12,34,,63.295561808125,1.0,0.628166,-0.2514125831372692,0.0,0.0,0.0,1.0,0.274376,-0.2127987352146597
222,13,34,,63.4110644125,0.0,0.0,0.0,1.0,0.393783,0.23148904429195646,1.0,0.411875,-0.04988123455023888
222,14,34,,63.526567016875,1.0,0.215041,-0.17600483543205309,0.0,0.0,0.0,1.0,0.272077,-0.09390279062267873
222,15,34,,63.64206962125,1.0,0.235611,-0.18035629034276673,0.0,0.0,0.0,1.0,0.360474,-0.14597611319016082
222,16,34,,63.757572225625,1.0,0.03918,-0.2026900237590132,0.0,0.0,0.0,1.0,0.57883,-0.2077028977382184
222,1,35,63.87307483,63.87307483,0.0,0.0,0.0,1.0,0.655335,0.11963991370219833,1.0,0.228695,0.020532309862717188
222,2,35,,63.989241496875,1.0,0.273106,-0.16431130709414907,0.0,0.0,0.0,1.0,0.009174,0.13942470383886066
222,3,35,,64.10540816375,1.0,0.238522,-0.12839452272529214,0.0,0.0,0.0,1.0,0.393132,-0.0017488988490964846
222,4,35,,64.221574830625,1.0,0.648063,-0.15248634657013088,1.0,0.043617,-0.13021661920698907,1.0,0.227887,-0.15877042116435014
222,5,35,,64.3377414975,0.0,0.0,0.0,0.0,0.0,0.0,1.0,0.021926,0.0406442108308956
222,6,35,,64.453908164375,1.0,0.215837,-0.15863556104974996,1.0,0.300937,0.006558125884931808,1.0,0.03151,0.04188667675424687
222,7,35,,64.57007483125,1.0,0.199923,-0.0948794653964778,0.0,0.0,0.0,0.0,0.0,0.0
222,8,35,,64.686241498125,1.0,0.370711,-0.15578907970627143,0.0,0.0,0.0,1.0,0.026554,-0.213895248899021
222,9,35,,64.802408165,0.0,0.0,0.0,1.0,0.747537,0.10702583911937825,1.0,0.391438,0.0581822237120052
222,10,35,,64.918574831875,1.0,0.257313,-0.15606741901709986,0.0,0.0,0.0,1.0,0.276693,0.12633717158110852
222,11,35,,65.03474149875,1.0,0.216957,-0.12078765042900501,1.0,0.427587,-0.15136440790644143,1.0,0.201532,0.25868437184599
222,12,35,,65.150908165625,1.0,0.028847,-0.1627159161356715,0.0,0.0,0.0,1.0,0.261294,0.08917217523460394
222,13,35,,65.2670748325,0.0,0.0,0.0,1.0,0.286186,0.18457246021418353,1.0,0.352544,0.06682784062622142
222,14,35,,65.383241499375,1.0,0.200215,-0.0787876558845735,0.0,0.0,0.0,1.0,0.09445,0.09361980435138902
222,15,35,,65.49940816624999,1.0,0.175719,-0.009324243168340709,0.0,0.0,0.0,1.0,0.237283,0.021243905987755534
222,16,35,,65.615574833125,1.0,0.03163,-0.05995552177192772,0.0,0.0,0.0,1.0,0.476014,-0.20407603801268576
222,1,36,65.7317415,65.7317415,0.0,0.0,0.0,1.0,0.687739,0.2435509334417815,1.0,0.155947,0.03827690114159937
222,2,36,,65.84790816625,1.0,0.202301,-0.02859827485138894,0.0,0.0,0.0,1.0,0.70427,0.11912052051337459
222,3,36,,65.9640748325,1.0,0.163566,0.012027266901121377,0.0,0.0,0.0,0.0,0.0,0.0
222,4,36,,66.08024149875,1.0,0.67576,-0.03381777989174095,1.0,0.412822,-0.12932710591578747,1.0,0.205059,-0.2968019989125429
222,5,36,,66.196408165,0.0,0.0,0.0,0.0,0.0,0.0,1.0,0.012705,0.04655238180255487
222,6,36,,66.31257483125,1.0,0.145108,-0.0640875002298559,1.0,0.270644,-0.030463396809389656,1.0,0.233604,-0.009596825715973674
222,7,36,,66.4287414975,1.0,0.109815,0.014655688718237015,0.0,0.0,0.0,0.0,0.0,0.0
222,8,36,,66.54490816375,1.0,0.027598,-0.06659538402649565,0.0,0.0,0.0,1.0,0.009308,-0.30712910081461103
222,9,36,,66.66107482999999,0.0,0.0,0.0,1.0,0.735969,0.09768008643364226,1.0,0.350261,0.022925423324742882
222,10,36,,66.77724149625,1.0,0.180154,-0.12006453055975534,0.0,0.0,0.0,1.0,0.014312,0.08011337546666691
222,11,36,,66.8934081625,1.0,0.183153,-0.10381775503515035,1.0,0.601097,-0.11561115536446888,0.0,0.0,0.0
222,12,36,,67.00957482874999,1.0,0.6191,-0.16286796686813826,0.0,0.0,0.0,1.0,0.337902,-0.21958819662686688
222,13,36,,67.125741495,0.0,0.0,0.0,1.0,0.365593,0.19451797774214388,1.0,0.355535,0.07017938332200804
222,14,36,,67.24190816125,1.0,0.216739,-0.196942565268739,0.0,0.0,0.0,1.0,0.282191,-0.014867959163701604
222,15,36,,67.35807482749999,1.0,0.164002,-0.15669578965808986,0.0,0.0,0.0,1.0,0.282312,-0.07447771188827831
222,16,36,,67.47424149375,1.0,0.043538,-0.1859784260616608,0.0,0.0,0.0,1.0,0.734505,-0.035306976453752074
222,1,37,67.59040816,67.59040816,0.0,0.0,0.0,1.0,0.727363,0.22441720706891566,1.0,0.354937,0.04249693070991038
222,2,37,,67.70787170187499,1.0,0.236378,-0.12463187846470102,0.0,0.0,0.0,1.0,0.011014,0.13955222074315482
222,3,37,,67.82533524374999,1.0,0.192139,-0.08061432167665401,0.0,0.0,0.0,0.0,0.0,0.0
222,4,37,,67.942798785625,1.0,0.592857,-0.14030553959070144,1.0,0.440002,-0.14899759828139644,0.0,0.0,0.0
222,5,37,,68.0602623275,0.0,0.0,0.0,0.0,0.0,0.0,0.0,0.0,0.0
222,6,37,,68.177725869375,1.0,0.202195,-0.13895264108722866,1.0,0.232345,-0.0024507125394441815,0.0,0.0,0.0
222,7,37,,68.29518941124999,1.0,0.131409,-0.10959495214011246,0.0,0.0,0.0,0.0,0.0,0.0
222,8,37,,68.41265295312499,1.0,0.546518,-0.1527533806538987,0.0,0.0,0.0,0.0,0.0,0.0
222,9,37,,68.53011649499999,0.0,0.0,0.0,1.0,0.744989,0.026386953351935406,0.0,0.0,0.0
222,10,37,,68.647580036875,1.0,0.25107,-0.24084099988316288,0.0,0.0,0.0,1.0,0.343993,-0.13365029373708395
222,11,37,,68.76504357875,1.0,0.172964,-0.1554148500768691,1.0,0.512712,-0.24047102870488696,1.0,0.556203,-0.10580796859689734
222,12,37,,68.882507120625,1.0,0.039483,-0.22571361463978662,0.0,0.0,0.0,0.0,0.0,0.0
222,13,37,,68.99997066249999,0.0,0.0,0.0,1.0,0.348794,0.0738130092248865,1.0,0.006715,-0.12398453398837236
222,14,37,,69.11743420437499,1.0,0.201935,-0.26528405220526274,0.0,0.0,0.0,0.0,0.0,0.0
222,15,37,,69.23489774625,1.0,0.118151,-0.18694095120476786,0.0,0.0,0.0,0.0,0.0,0.0
222,16,37,,69.352361288125,1.0,0.031704,-0.2698478831732669,0.0,0.0,0.0,1.0,0.379893,-0.3124653619252853
222,1,38,69.46982483,69.46982483,0.0,0.0,0.0,1.0,0.724071,0.03306021336945979,1.0,0.006609,-0.01810521539491853
222,2,38,,69.58552795499999,1.0,0.207375,-0.2962664577987142,0.0,0.0,0.0,0.0,0.0,0.0
222,3,38,,69.70123108,1.0,0.199008,-0.2115939392302443,0.0,0.0,0.0,0.0,0.0,0.0
222,4,38,,69.816934205,1.0,0.668402,-0.2692252694124713,1.0,0.462376,-0.23574302768394156,1.0,0.024563,-0.25960582309250785
222,5,38,,69.93263732999999,0.0,0.0,0.0,0.0,0.0,0.0,0.0,0.0,0.0
222,6,38,,70.048340455,1.0,0.233051,-0.3144206779203546,1.0,0.218724,-0.09338948278187535,0.0,0.0,0.0
222,7,38,,70.16404358,1.0,0.148892,-0.22320555300475928,0.0,0.0,0.0,1.0,0.008112,-0.1844684834570678
222,8,38,,70.279746705,1.0,0.555797,-0.3040514679270024,0.0,0.0,0.0,0.0,0.0,0.0
222,9,38,,70.39544982999999,0.0,0.0,0.0,1.0,0.762424,-0.12365984064815273,0.0,0.0,0.0
222,10,38,,70.511152955,1.0,0.242791,-0.30580811883865794,0.0,0.0,0.0,1.0,0.384452,0.03765710735994607
222,11,38,,70.62685608,1.0,0.191212,-0.2567958298446731,1.0,0.545241,-0.4334634868332459,1.0,0.901772,-0.026862541525909188
222,12,38,,70.74255920499999,1.0,0.042923,-0.27001176502352436,0.0,0.0,0.0,0.0,0.0,0.0
222,13,38,,70.85826233,0.0,0.0,0.0,1.0,0.430482,0.005035905469277752,1.0,0.008955,-0.07198016475352718
222,14,38,,70.973965455,1.0,0.235278,-0.284456059419336,0.0,0.0,0.0,0.0,0.0,0.0
222,15,38,,71.08966858,1.0,0.185738,-0.2474659176231748,0.0,0.0,0.0,0.0,0.0,0.0
222,16,38,,71.205371705,1.0,0.63283,-0.2923318190412261,0.0,0.0,0.0,1.0,0.420126,-0.3108706441593792
222,1,39,71.32107483,71.32107483,0.0,0.0,0.0,1.0,0.708846,0.11140031812029298,1.0,0.038934,0.030131531846350677
222,2,39,,71.436408163125,1.0,0.229604,-0.3168915883613727,0.0,0.0,0.0,0.0,0.0,0.0
222,3,39,,71.55174149625,1.0,0.204407,-0.21894360949961097,0.0,0.0,0.0,0.0,0.0,0.0
222,4,39,,71.667074829375,1.0,0.829412,-0.26533378118740686,1.0,0.43529,-0.10806788494949743,1.0,0.02495,-0.2718366713725336
222,5,39,,71.7824081625,0.0,0.0,0.0,0.0,0.0,0.0,0.0,0.0,0.0
222,6,39,,71.897741495625,1.0,0.208974,-0.26840025156860414,1.0,0.26007,-0.009333777112236418,0.0,0.0,0.0
222,7,39,,72.01307482875,1.0,0.16507,-0.1631343536184724,0.0,0.0,0.0,1.0,0.008801,-0.23779620346434172
222,8,39,,72.128408161875,1.0,0.567138,-0.21633088370000877,0.0,0.0,0.0,0.0,0.0,0.0
222,9,39,,72.243741495,0.0,0.0,0.0,1.0,0.718457,0.08493212443087544,0.0,0.0,0.0
222,10,39,,72.359074828125,1.0,0.253333,-0.3087730767860868,0.0,0.0,0.0,1.0,0.319767,-0.0009002438600605086
222,11,39,,72.47440816125,1.0,0.165481,-0.2682326124787318,1.0,0.287326,-0.2349204736901816,1.0,0.63668,0.05127605861867339
222,12,39,,72.589741494375,1.0,0.036632,-0.22206498053119156,0.0,0.0,0.0,0.0,0.0,0.0
222,13,39,,72.7050748275,0.0,0.0,0.0,1.0,0.822219,-0.031108330981039104,1.0,0.00716,0.012851206670654225
222,14,39,,72.820408160625,1.0,0.132918,-0.14244069931809894,0.0,0.0,0.0,0.0,0.0,0.0
222,15,39,,72.93574149375,1.0,0.122304,-0.13503029287395346,1.0,0.708983,-0.18703607331476382,0.0,0.0,0.0
222,16,39,,73.05107482687501,1.0,0.054636,-0.14861121594772683,0.0,0.0,0.0,1.0,0.50247,-0.20973838368826317
222,1,40,73.16640816,73.16640816,0.0,0.0,0.0,1.0,0.808267,0.066067878787796,1.0,0.008437,0.029660952380878222
222,2,40,,73.28190816,1.0,0.187179,-0.21199272727271118,0.0,0.0,0.0,0.0,0.0,0.0
222,3,40,,73.39740816,1.0,0.208371,-0.1440879653679992,0.0,0.0,0.0,0.0,0.0,0.0
222,4,40,,73.51290816000001,1.0,0.598895,-0.2276464069264876,1.0,0.505402,-0.036901818181908574,0.0,0.0,0.0
222,5,40,,73.62840816,0.0,0.0,0.0,0.0,0.0,0.0,0.0,0.0,0.0
222,6,40,,73.74390816,1.0,0.269543,-0.30088450216460183,1.0,0.333746,0.09490770562764828,1.0,0.292994,0.006630649350646776
222,7,40,,73.85940816,1.0,0.185422,-0.2251961904761824,0.0,0.0,0.0,1.0,0.023618,0.1200419047618777
222,8,40,,73.97490816,1.0,0.675541,-0.2810576623376201,0.0,0.0,0.0,0.0,0.0,0.0
222,9,40,,74.09040816000001,0.0,0.0,0.0,1.0,0.685742,0.19857004328996733,0.0,0.0,0.0
222,10,40,,74.20590816,1.0,0.252857,-0.22098839826843247,0.0,0.0,0.0,0.0,0.0,0.0
222,11,40,,74.32140816,1.0,0.232805,-0.21600138528146054,1.0,0.507846,-0.19020051948052505,0.0,0.0,0.0
222,12,40,,74.43690816,1.0,0.043255,-0.23697974025975696,0.0,0.0,0.0,1.0,0.33917,-0.42739532467530106
222,13,40,,74.55240816,0.0,0.0,0.0,1.0,0.429514,0.08232761904757933,1.0,0.009995,-0.010633419913390658
222,14,40,,74.66790816,1.0,0.230909,-0.16806199134190866,0.0,0.0,0.0,0.0,0.0,0.0
222,15,40,,74.78340816000001,1.0,0.2225,-0.16325679653691103,0.0,0.0,0.0,0.0,0.0,0.0
222,16,40,,74.89890816,1.0,0.512716,-0.2368931601731494,0.0,0.0,0.0,1.0,0.014972,-0.32010528138533056
222,1,41,75.01440816,75.01440816,0.0,0.0,0.0,1.0,0.736002,0.06279092771940373,1.0,0.006444,0.0585847421602082
222,2,41,,75.127574826875,1.0,0.232058,-0.30545944163210603,0.0,0.0,0.0,0.0,0.0,0.0
222,3,41,,75.24074149375001,1.0,0.229632,-0.2331825658446964,0.0,0.0,0.0,0.0,0.0,0.0
222,4,41,,75.353908160625,1.0,0.510282,-0.24844029961619712,1.0,0.478423,-0.14288801704176257,1.0,0.449295,-0.23933867960349708
222,5,41,,75.4670748275,0.0,0.0,0.0,0.0,0.0,0.0,1.0,0.01364,0.027774720125627175
222,6,41,,75.580241494375,1.0,0.210196,-0.18505002359166192,1.0,0.385354,0.03702950471831984,0.0,0.0,0.0
222,7,41,,75.69340816125,1.0,0.195763,-0.11248154250285737,0.0,0.0,0.0,0.0,0.0,0.0
222,8,41,,75.80657482812501,1.0,0.023637,-0.13799848096837614,0.0,0.0,0.0,1.0,0.587821,-0.33849038045199925
222,9,41,,75.91974149500001,0.0,0.0,0.0,1.0,0.638649,0.14618708367774144,1.0,0.01433,-0.014186995555680489
222,10,41,,76.032908161875,1.0,0.228875,-0.1484196922892923,0.0,0.0,0.0,0.0,0.0,0.0
222,11,41,,76.14607482875,1.0,0.230955,-0.06552131431237482,1.0,0.485039,-0.10098228626476967,0.0,0.0,0.0
222,12,41,,76.259241495625,1.0,0.62172,-0.10277315702728454,0.0,0.0,0.0,1.0,0.448623,-0.3505846440527363
222,13,41,,76.37240816250001,0.0,0.0,0.0,1.0,0.440025,0.22911196570480083,1.0,0.011651,-0.0024226435891089968
222,14,41,,76.48557482937501,1.0,0.236481,-0.15120025929466788,0.0,0.0,0.0,0.0,0.0,0.0
222,15,41,,76.59874149625,1.0,0.207166,-0.09773634370810831,0.0,0.0,0.0,0.0,0.0,0.0
222,16,41,,76.711908163125,1.0,0.025792,-0.13747124974688055,0.0,0.0,0.0,1.0,0.521347,-0.3156067427916048
222,1,42,76.82507483,76.82507483,0.0,0.0,0.0,1.0,0.629274,0.34040511210750796,1.0,0.008666,0.02744547085199566
222,2,42,,76.93657483000001,1.0,0.218618,-0.15347829596426257,0.0,0.0,0.0,0.0,0.0,0.0
222,3,42,,77.04807483,1.0,0.171659,-0.09495811659197409,0.0,0.0,0.0,0.0,0.0,0.0
222,4,42,,77.15957483,1.0,0.018954,-0.08471596412546581,1.0,0.407832,0.08931094170407032,1.0,0.476532,-0.33781910313892216
222,5,42,,77.27107483,0.0,0.0,0.0,0.0,0.0,0.0,1.0,0.015486,-0.0036845739910936616
222,6,42,,77.38257483000001,1.0,0.240999,-0.185837040358878,1.0,0.282572,0.253248161434936,0.0,0.0,0.0
222,7,42,,77.49407483,1.0,0.212018,-0.006124035874460218,0.0,0.0,0.0,0.0,0.0,0.0
222,8,42,,77.60557483,1.0,0.022313,-0.009316860986535995,0.0,0.0,0.0,1.0,0.336112,-0.38108367712994445
222,9,42,,77.71707483,0.0,0.0,0.0,0.0,0.0,0.0,1.0,0.428839,-0.037783228699550836
222,10,42,,77.82857483000001,1.0,0.274463,-0.04927201793727088,0.0,0.0,0.0,0.0,0.0,0.0
222,11,42,,77.94007483,1.0,0.222268,0.050835605381097944,1.0,0.45271,0.1506921076233578,0.0,0.0,0.0
222,12,42,,78.05157482999999,1.0,0.023668,0.012835605381197357,0.0,0.0,0.0,1.0,0.53395,-0.3342316591927424
222,13,42,,78.16307483,0.0,0.0,0.0,0.0,0.0,0.0,1.0,0.029708,0.01783112107626957
222,14,42,,78.27457483,1.0,0.267915,0.055301973094168864,0.0,0.0,0.0,0.0,0.0,0.0
222,15,42,,78.38607483,1.0,0.140839,0.03728403587442968,0.0,0.0,0.0,0.0,0.0,0.0
222,16,42,,78.49757482999999,1.0,0.023954,0.04531094170415189,0.0,0.0,0.0,1.0,0.624787,-0.2997652914797097
222,1,43,78.60907483,78.60907483,0.0,0.0,0.0,0.0,0.0,0.0,1.0,0.024104,0.046537011748266834
222,2,43,,78.721741496875,1.0,0.190694,0.05471452467699158,1.0,0.305012,0.4504127487972926,0.0,0.0,0.0
222,3,43,,78.83440816375,1.0,0.221166,0.041252984391183724,0.0,0.0,0.0,0.0,0.0,0.0
222,4,43,,78.947074830625,1.0,0.024989,-0.0005399167889686427,0.0,0.0,0.0,1.0,0.519414,-0.39459612907796976
222,5,43,,79.0597414975,0.0,0.0,0.0,1.0,0.588252,0.21518789161389712,1.0,0.011041,-0.05108429724285705
222,6,43,,79.172408164375,1.0,0.216,0.08368789000798965,1.0,0.225472,0.33416126232594084,0.0,0.0,0.0
222,7,43,,79.28507483125,1.0,0.19524,0.11701924904398511,0.0,0.0,0.0,0.0,0.0,0.0
222,8,43,,79.397741498125,1.0,0.024807,0.11357841879887204,1.0,0.473876,0.030394987000033645,1.0,0.596732,-0.5
222,9,43,,79.510408165,0.0,0.0,0.0,1.0,0.375788,0.2720665823371355,1.0,0.016668,-0.14825294351280602
222,10,43,,79.623074831875,1.0,0.226091,0.03394232057326804,0.0,0.0,0.0,0.0,0.0,0.0
222,11,43,,79.73574149875,1.0,0.202484,-0.0011138942287894009,1.0,0.156027,-0.5,0.0,0.0,0.0
222,12,43,,79.848408165625,1.0,0.019591,-0.033427505485609535,1.0,0.437452,0.15251036399306958,1.0,0.015125,-0.4806227709308293
222,13,43,,79.9610748325,0.0,0.0,0.0,1.0,0.566772,0.3685843262414581,1.0,0.010974,-0.04888608718772007
222,14,43,,80.073741499375,1.0,0.248819,-0.08477662151489976,0.0,0.0,0.0,0.0,0.0,0.0
222,15,43,,80.18640816625,1.0,0.198117,-0.0633565050603757,1.0,0.171317,0.07490976687322097,0.0,0.0,0.0
222,16,43,,80.299074833125,1.0,0.028028,-0.09243934709248515,0.0,0.0,0.0,1.0,0.027446,-0.36386834067340346
222,1,44,80.4117415,80.4117415,0.0,0.0,0.0,1.0,0.650898,0.3896161771867967,1.0,0.406953,0.04339852949143658
222,2,44,,80.525074833125,1.0,0.252874,-0.12832793957416386,0.0,0.0,0.0,1.0,0.007477,0.15695441389140308
222,3,44,,80.63840816625,1.0,0.224079,-0.12705146714532886,0.0,0.0,0.0,0.0,0.0,0.0
222,4,44,,80.751741499375,1.0,0.630777,-0.1701573477393,1.0,0.341367,-0.15286323006047808,1.0,0.35019,-0.2714249949842723
222,5,44,,80.8650748325,0.0,0.0,0.0,0.0,0.0,0.0,1.0,0.552214,0.008348536780087682
222,6,44,,80.978408165625,1.0,0.21977,-0.10762204983016105,1.0,0.240399,0.1930044213106763,1.0,0.321085,-0.0059573437609288
222,7,44,,81.09174149875,1.0,0.176526,-0.0736544008706741,0.0,0.0,0.0,0.0,0.0,0.0
222,8,44,,81.205074831875,1.0,0.030271,-0.14956616387782218,0.0,0.0,0.0,1.0,0.011339,-0.37204263487507194
222,9,44,,81.318408165,0.0,0.0,0.0,1.0,0.431613,0.25287207399426787,1.0,0.446052,0.03523089712363391
222,10,44,,81.431741498125,1.0,0.240555,-0.14621910137175773,0.0,0.0,0.0,1.0,0.007097,0.09227207553722629
222,11,44,,81.54507483125,1.0,0.2197,-0.13610145245608465,1.0,0.335837,0.02626913607764004,0.0,0.0,0.0
222,12,44,,81.658408164375,1.0,0.49558,-0.18166027423098655,0.0,0.0,0.0,1.0,0.35568,-0.2391808625721191
222,13,44,,81.7717414975,0.0,0.0,0.0,1.0,0.078146,0.24528090486256984,1.0,0.575952,0.010636786784254617
222,14,44,,81.885074830625,1.0,0.209222,-0.12096909397240521,0.0,0.0,0.0,1.0,0.200313,-0.05083085854938761
222,15,44,,81.99840816375,1.0,0.182055,-0.08081615088384372,0.0,0.0,0.0,1.0,0.338452,-0.06173968026055489
222,16,44,,82.111741496875,1.0,0.04765,-0.19181026689673458,0.0,0.0,0.0,1.0,0.021191,-0.28661909060042845
222,1,45,82.22507483,82.22507483,0.0,0.0,0.0,1.0,0.582098,0.13879262222228184,1.0,0.354376,0.07834817777785041
222,2,45,,82.33757483,1.0,0.20761,-0.13153626666659904,0.0,0.0,0.0,1.0,0.012617,0.17694373333345279
222,3,45,,82.45007482999999,1.0,0.185137,-0.048096266666563074,1.0,0.546083,-0.012931822222097378,0.0,0.0,0.0
222,4,45,,82.56257483,1.0,0.63601,-0.09996293333339913,0.0,0.0,0.0,1.0,0.283169,-0.2143184888888758
222,5,45,,82.67507483,0.0,0.0,0.0,0.0,0.0,0.0,1.0,0.014168,0.0787748444444504
222,6,45,,82.78757483,1.0,0.182029,-0.040131822222142045,1.0,0.245336,0.13682817777787065,1.0,0.040125,0.03952151111118735
222,7,45,,82.90007483,1.0,0.154525,0.031512622222307766,0.0,0.0,0.0,0.0,0.0,0.0
222,8,45,,83.01257482999999,1.0,0.016948,-0.007785155555540157,1.0,0.219856,-0.12998071111105497,1.0,0.338203,-0.2949673777776473
222,9,45,,83.12507482999999,0.0,0.0,0.0,1.0,0.476233,0.29705928888904,1.0,0.345078,0.045654844444572865
222,10,45,,83.23757483,1.0,0.181394,-0.06782071111110448,1.0,0.378384,0.26936151111108475,1.0,0.420719,0.09658817777777931
222,11,45,,83.35007483,1.0,0.177121,0.03272151111117619,0.0,0.0,0.0,0.0,0.0,0.0
222,12,45,,83.46257483,1.0,0.021802,-0.011402933333278962,0.0,0.0,0.0,1.0,0.356727,-0.20198959999991334
222,13,45,,83.57507482999999,0.0,0.0,0.0,1.0,0.578704,0.2276104000000342,1.0,0.008414,0.05224151111115771
222,14,45,,83.68757482999999,1.0,0.19188,-0.008229599999873048,0.0,0.0,0.0,1.0,0.185003,-0.060665155555424885
222,15,45,,83.80007483,1.0,0.20787,0.05391262222221823,1.0,0.255851,-0.02122515555558749,1.0,0.286121,-0.0722207111111117
222,16,45,,83.91257483,1.0,0.034532,-0.03592737777770192,0.0,0.0,0.0,1.0,0.622926,-0.17765182222219103
222,1,46,84.02507483,84.02507483,0.0,0.0,0.0,1.0,0.52201,0.41155902654868026,1.0,0.322739,0.06769176991157234
222,2,46,,84.13807483,1.0,0.228344,0.006718318584151665,0.0,0.0,0.0,1.0,0.729131,0.19585106194697988
222,3,46,,84.25107483,1.0,0.186985,0.02435548672573405,0.0,0.0,0.0,0.0,0.0,0.0
222,4,46,,84.36407482999999,1.0,0.665583,-0.054219734513269884,1.0,0.279646,0.022638672566374952,1.0,0.303054,-0.216989646017598
222,5,46,,84.47707482999999,0.0,0.0,0.0,0.0,0.0,0.0,1.0,0.542413,0.12277141592929924
222,6,46,,84.59007482999999,1.0,0.197022,-0.06767106194689206,1.0,0.192697,0.27570061946909624,1.0,0.006168,0.021780265486758283
222,7,46,,84.70307482999999,1.0,0.208808,-0.05136132743354657,0.0,0.0,0.0,0.0,0.0,0.0
222,8,46,,84.81607482999999,1.0,0.021604,-0.07371530973445937,0.0,0.0,0.0,1.0,0.413962,-0.22052061946893953
222,9,46,,84.92907482999999,0.0,0.0,0.0,1.0,0.587282,0.25957672566374923,1.0,0.400039,0.04855902654875418
222,10,46,,85.04207483,1.0,0.259426,-0.10298079646018171,0.0,0.0,0.0,1.0,0.353422,0.15220504424776893
222,11,46,,85.15507483,1.0,0.236829,-0.06982150442487225,1.0,0.254339,0.03553247787612757,0.0,0.0,0.0
222,12,46,,85.26807483,1.0,0.017788,-0.11748522123891877,0.0,0.0,0.0,1.0,0.415829,-0.1793082300885821
222,13,46,,85.38107483,0.0,0.0,0.0,1.0,0.254616,0.3996829203539176,1.0,0.500874,0.05626699115043039
222,14,46,,85.49407483,1.0,0.311077,-0.1365648672566125,0.0,0.0,0.0,1.0,0.326969,0.005426283185788133
222,15,46,,85.60707483,1.0,0.215921,-0.08887460176994087,0.0,0.0,0.0,1.0,0.212967,-0.014529469026521807
222,16,46,,85.72007483,1.0,0.050695,-0.10621973451327592,0.0,0.0,0.0,1.0,0.007772,-0.21768876106196708
222,1,47,85.83307483,85.83307483,0.0,0.0,0.0,1.0,0.470261,0.3281635045504482,1.0,0.279879,0.052578821700012865
222,2,47,,85.946241496875,1.0,0.278109,-0.12828421368136975,0.0,0.0,0.0,1.0,0.390059,0.07925039565666497
222,3,47,,86.05940816375,1.0,0.278844,-0.07325623329669302,0.0,0.0,0.0,1.0,0.535676,-0.13330041580762733
222,4,47,,86.172574830625,1.0,0.624126,-0.122578768183698,1.0,0.326826,0.0012827927075301866,1.0,0.299676,-0.18062589620642808
222,5,47,,86.2857414975,0.0,0.0,0.0,0.0,0.0,0.0,1.0,0.887408,0.08625775389125985
222,6,47,,86.398908164375,1.0,0.27996,-0.15051397063608202,1.0,0.16102,0.25112373112830016,1.0,0.418697,-0.11059055392014415
222,7,47,,86.51207483125,1.0,0.200501,-0.09125329511917304,0.0,0.0,0.0,0.0,0.0,0.0
222,8,47,,86.625241498125,1.0,0.020233,-0.14461412160427256,0.0,0.0,0.0,1.0,0.019949,-0.18256699340479177
222,9,47,,86.73840816500001,0.0,0.0,0.0,1.0,0.504102,0.30115612610228165,1.0,0.626342,0.05405156101966265
222,10,47,,86.851574831875,1.0,0.245937,-0.12841972178127203,0.0,0.0,0.0,1.0,0.467163,0.0783019273227876
222,11,47,,86.96474149875,1.0,0.198918,-0.12723268386000425,1.0,0.291839,-0.020125173011588816,0.0,0.0,0.0
222,12,47,,87.077908165625,1.0,0.599448,-0.14711191983226385,0.0,0.0,0.0,1.0,0.417171,-0.23275551319448903
222,13,47,,87.19107483250001,0.0,0.0,0.0,1.0,0.209146,0.3773299035763244,1.0,0.792362,-0.001889536079074721
222,14,47,,87.30424149937501,1.0,0.230118,-0.15499704868387193,0.0,0.0,0.0,1.0,0.064275,-0.2228792282347948
222,15,47,,87.41740816625,1.0,0.160204,-0.13522680019281375,0.0,0.0,0.0,0.0,0.0,0.0
222,16,47,,87.530574833125,1.0,0.030431,-0.1710471259737854,0.0,0.0,0.0,1.0,0.015044,-0.2674182598170376
222,1,48,87.6437415,87.6437415,0.0,0.0,0.0,1.0,0.507259,0.3773495575220397,1.0,0.350076,0.029553097345094013
222,2,48,,87.7567415,1.0,0.224361,-0.18013716814166414,0.0,0.0,0.0,1.0,0.469433,0.09165929203537912
222,3,48,,87.8697415,1.0,0.22528,-0.1326946902654894,0.0,0.0,0.0,0.0,0.0,0.0
222,4,48,,87.9827415,1.0,0.01658,-0.17013716814163393,1.0,0.34434,0.015323008849478957,1.0,0.320875,-0.32340265486730296
222,5,48,,88.0957415,0.0,0.0,0.0,0.0,0.0,0.0,1.0,0.520627,-0.024694690265515573
222,6,48,,88.2087415,1.0,0.251612,-0.1420221238937756,1.0,0.165904,0.2642699115043641,1.0,0.058133,-0.09070353982301334
222,7,48,,88.3217415,1.0,0.144747,-0.11937610619474123,0.0,0.0,0.0,0.0,0.0,0.0
222,8,48,,88.4347415,1.0,0.017924,-0.1581283185841231,0.0,0.0,0.0,1.0,0.307413,-0.3288982300885005
222,9,48,,88.5477415,0.0,0.0,0.0,1.0,0.505225,0.32844690265487986,1.0,0.482747,0.05315486725661992
222,10,48,,88.6607415,1.0,0.254668,-0.13034070796463698,0.0,0.0,0.0,1.0,0.009287,0.08473893805306981
222,11,48,,88.7737415,1.0,0.198291,-0.09873008849556199,1.0,0.19639,-0.01369469026549495,0.0,0.0,0.0
222,12,48,,88.8867415,1.0,0.621612,-0.13341150442473232,0.0,0.0,0.0,1.0,0.348602,-0.26031415929202695
222,13,48,,88.9997415,0.0,0.0,0.0,1.0,0.260669,0.4540752212389363,1.0,0.00745,0.10832300884959617
222,14,48,,89.1127415,1.0,0.224661,-0.11350000000004704,0.0,0.0,0.0,1.0,0.276808,0.03393362831855244
222,15,48,,89.2257415,1.0,0.124735,-0.06413716814151522,0.0,0.0,0.0,1.0,0.210105,-0.01896902654869493
222,16,48,,89.3387415,1.0,0.044255,-0.06855309734509854,0.0,0.0,0.0,1.0,0.01692,-0.153907079646038
222,1,49,89.4517415,89.4517415,0.0,0.0,0.0,1.0,0.442696,0.35414601769913573,1.0,0.212413,0.01048230088502584
222,2,49,,89.5647415,1.0,0.22672,-0.09610176991146177,0.0,0.0,0.0,1.0,0.438988,0.09682743362833021
222,3,49,,89.6777415,1.0,0.223987,-0.046615044247807276,0.0,0.0,0.0,1.0,0.432896,-0.1068716814158593
222,4,49,,89.7907415,1.0,0.75672,-0.12139380530972169,1.0,0.235972,0.03844690265488486,1.0,0.178855,-0.1978628318583701
222,5,49,,89.9037415,0.0,0.0,0.0,0.0,0.0,0.0,1.0,0.010588,0.03912831858412863
222,6,49,,90.0167415,1.0,0.258004,-0.13442920353972232,1.0,0.142985,0.27588938053100426,1.0,0.0841,-0.024712389380515138
222,7,49,,90.1297415,1.0,0.184293,-0.08355309734508093,0.0,0.0,0.0,0.0,0.0,0.0
222,8,49,,90.2427415,1.0,0.015803,-0.1378362831858154,0.0,0.0,0.0,1.0,0.013462,-0.21289823008847736
222,9,49,,90.3557415,0.0,0.0,0.0,1.0,0.44842,0.24840265486726523,1.0,0.371195,0.054349557522234346
222,10,49,,90.46874150000001,1.0,0.296063,-0.13711946902657252,0.0,0.0,0.0,1.0,0.352758,0.09250884955749601
222,11,49,,90.5817415,1.0,0.275216,-0.11839380530975036,1.0,0.336606,0.02688053097336914,1.0,0.333783,-0.014252212389490267
222,12,49,,90.6947415,1.0,0.575979,-0.1779513274336848,0.0,0.0,0.0,1.0,0.285014,-0.0789247787611256
222,13,49,,90.8077415,0.0,0.0,0.0,1.0,0.270793,0.3920044247786503,1.0,0.026265,0.039880530973370645
222,14,49,,90.9207415,1.0,0.259727,-0.11488938053103391,0.0,0.0,0.0,1.0,0.178708,0.03526991150441488
222,15,49,,91.0337415,1.0,0.247888,-0.1216946902654688,0.0,0.0,0.0,1.0,0.240372,-0.013862831858493827
222,16,49,,91.1467415,1.0,0.044113,-0.13503982300884207,0.0,0.0,0.0,1.0,0.021035,-0.2088893805310158
222,1,50,91.2597415,91.2597415,0.0,0.0,0.0,1.0,0.442103,0.314893962867793,1.0,0.060111,0.043162003104452576
222,2,50,,91.37290816625,1.0,0.344661,-0.11236671249032242,0.0,0.0,0.0,0.0,0.0,0.0
222,3,50,,91.48607483250001,1.0,0.319899,-0.11129454385614487,0.0,0.0,0.0,0.0,0.0,0.0
222,4,50,,91.59924149875,1.0,0.768101,-0.1527702398850705,1.0,0.271103,0.032337271842174206,1.0,0.026931,-0.19780116788587543
222,5,50,,91.712408165,0.0,0.0,0.0,0.0,0.0,0.0,0.0,0.0,0.0
222,6,50,,91.82557483125001,1.0,0.334014,-0.22776876004348046,1.0,0.124361,0.17877321494383114,0.0,0.0,0.0
222,7,50,,91.9387414975,1.0,0.214642,-0.17439320388223384,0.0,0.0,0.0,0.0,0.0,0.0
222,8,50,,92.05190816375,1.0,0.397305,-0.19011043148051698,0.0,0.0,0.0,0.0,0.0,0.0
222,9,50,,92.16507483000001,0.0,0.0,0.0,1.0,0.388259,0.2125464219901304,0.0,0.0,0.0
222,10,50,,92.27824149625,1.0,0.299371,-0.22798671291600994,0.0,0.0,0.0,1.0,0.287425,0.01007808913867452
222,11,50,,92.3914081625,1.0,0.292113,-0.21494989033492554,1.0,0.250873,-0.04775401343061008,1.0,0.450362,-0.062192894190656885
222,12,50,,92.50457482875,1.0,0.028479,-0.22678788375103098,0.0,0.0,0.0,0.0,0.0,0.0
222,13,50,,92.617741495,0.0,0.0,0.0,1.0,0.226851,0.3001281748900292,1.0,0.330185,-0.029465346205728726
222,14,50,,92.73090816125,1.0,0.209214,-0.1695478172664038,0.0,0.0,0.0,1.0,0.340941,0.08710019546057862
222,15,50,,92.8440748275,1.0,0.228128,-0.17628713614244568,0.0,0.0,0.0,1.0,0.359798,-0.11641084726217306
222,16,50,,92.95724149375,1.0,0.633001,-0.21649920919193208,0.0,0.0,0.0,1.0,0.486554,-0.15053455504616411
222,1,51,93.07040816,93.07040816,0.0,0.0,0.0,1.0,0.370437,0.28329544617566516,1.0,0.378314,0.04593233421123389
222,2,51,,93.186074826875,1.0,0.222869,-0.26152588029270074,0.0,0.0,0.0,0.0,0.0,0.0
222,3,51,,93.30174149375,1.0,0.306659,-0.2194192539275121,0.0,0.0,0.0,1.0,0.006243,-0.2011858245656259
222,4,51,,93.417408160625,1.0,0.609046,-0.27717718069679415,1.0,0.284013,-0.07313395339848525,0.0,0.0,0.0
222,5,51,,93.5330748275,0.0,0.0,0.0,0.0,0.0,0.0,1.0,0.453708,-0.03449418581689342
222,6,51,,93.648741494375,1.0,0.248426,-0.3416670977275423,1.0,0.143786,0.09762108591923559,0.0,0.0,0.0
222,7,51,,93.76440816125,1.0,0.170144,-0.28590917455715875,0.0,0.0,0.0,1.0,0.379875,-0.12396969358080422
222,8,51,,93.880074828125,1.0,0.02636,-0.3637247381777769,0.0,0.0,0.0,0.0,0.0,0.0
222,9,51,,93.995741495,0.0,0.0,0.0,1.0,0.417061,0.09599572028814089,1.0,0.015932,-0.1735633570360915
222,10,51,,94.11140816187499,1.0,0.210142,-0.3319812259869921,0.0,0.0,0.0,0.0,0.0,0.0
222,11,51,,94.22707482874999,1.0,0.231926,-0.2987449166087965,1.0,0.178016,-0.2160244556626746,1.0,0.471966,-0.16030399466794057
222,12,51,,94.34274149562499,1.0,0.026676,-0.33883137366916866,0.0,0.0,0.0,0.0,0.0,0.0
222,13,51,,94.45840816249999,0.0,0.0,0.0,1.0,0.22207,0.08362683702521467,1.0,0.409372,-0.1320014046613183
222,14,51,,94.574074829375,1.0,0.180563,-0.3295662476051756,0.0,0.0,0.0,1.0,0.462032,-0.18469304901886707
222,15,51,,94.68974149625,1.0,0.168799,-0.3131973733551469,0.0,0.0,0.0,0.0,0.0,0.0
222,16,51,,94.805408163125,1.0,0.466006,-0.3383875768400582,0.0,0.0,0.0,1.0,0.006671,-0.36235299466426835
222,1,52,94.92107483,94.92107483,0.0,0.0,0.0,1.0,0.545484,0.09038259987154745,0.0,0.0,0.0
222,2,52,,95.03390816312499,1.0,0.184956,-0.3635287728276952,0.0,0.0,0.0,1.0,0.454712,-0.02148445904987652
222,3,52,,95.14674149625,1.0,0.199464,-0.29640617115289,1.0,0.204452,-0.17329538805998423,1.0,0.474159,-0.21064250777447813
222,4,52,,95.259574829375,1.0,0.712211,-0.31572965530966507,1.0,0.197788,-0.004332313523521143,1.0,0.30956,-0.2803057261453073
222,5,52,,95.3724081625,0.0,0.0,0.0,1.0,0.656933,0.050932090197551676,1.0,0.279883,-0.058051661850092084
222,6,52,,95.485241495625,1.0,0.173331,-0.3049763281111906,1.0,0.303288,0.05094686309252174,1.0,0.498127,-0.14457160107936087
222,7,52,,95.59807482875,1.0,0.133599,-0.2035021754126669,0.0,0.0,0.0,0.0,0.0,0.0
222,8,52,,95.710908161875,1.0,0.616032,-0.24316539372815307,1.0,0.259044,-0.25525402004289843,1.0,0.384513,-0.23646524600520796
222,9,52,,95.82374149500001,0.0,0.0,0.0,1.0,0.647684,0.11116843447406471,0.0,0.0,0.0
222,10,52,,95.936574828125,1.0,0.191857,-0.22049183017075774,1.0,0.487937,0.08589812608181614,1.0,0.395192,-0.061700101664885196
222,11,52,,96.04940816125,1.0,0.223048,-0.12189803198288084,0.0,0.0,0.0,1.0,0.49098,-0.14054500395221686
222,12,52,,96.162241494375,1.0,0.02627,-0.15644751321353112,0.0,0.0,0.0,1.0,0.310431,-0.22839433757085995
222,13,52,,96.2750748275,0.0,0.0,0.0,1.0,0.593303,0.11994835324942915,1.0,0.37516,0.02939887006896764
222,14,52,,96.387908160625,1.0,0.188052,-0.15338694821534912,0.0,0.0,0.0,1.0,0.531135,-0.12717129085521586
222,15,52,,96.50074149375,1.0,0.120328,-0.11749625206336198,1.0,0.283105,-0.07993642924658835,0.0,0.0,0.0
222,16,52,,96.61357482687501,1.0,0.020313,-0.16385075547242664,0.0,0.0,0.0,1.0,0.379885,-0.18043273482365
222,1,53,96.72640816,96.72640816,0.0,0.0,0.0,1.0,0.584142,0.3109490367676571,0.0,0.0,0.0
222,2,53,,96.84074149375,1.0,0.146715,-0.02050577616435278,0.0,0.0,0.0,1.0,0.347643,-0.04810927460606812
222,3,53,,96.9550748275,1.0,0.138012,-0.04024047361427749,0.0,0.0,0.0,1.0,0.445806,-0.1325670038900057
222,4,53,,97.06940816125001,1.0,0.015758,-0.06656992322688739,1.0,0.352058,-0.019322109987961047,1.0,0.310274,-0.21649995183495419
222,5,53,,97.183741495,0.0,0.0,0.0,0.0,0.0,0.0,1.0,0.337899,0.1270189937060974
222,6,53,,97.29807482875,1.0,0.165213,-0.0942667234174698,1.0,0.170304,0.19973327551111023,1.0,0.35902,0.08773619137115318
222,7,53,,97.4124081625,1.0,0.18638,-0.07462532771641217,0.0,0.0,0.0,0.0,0.0,0.0
222,8,53,,97.52674149625,1.0,0.02203,-0.14975069551839512,0.0,0.0,0.0,1.0,0.01118,-0.34662241491755136
222,9,53,,97.64107483000001,0.0,0.0,0.0,1.0,0.44951,0.3412318063365174,1.0,0.007164,0.0391764138513658
222,10,53,,97.75540816375,1.0,0.228537,-0.11771863295291893,0.0,0.0,0.0,0.0,0.0,0.0
222,11,53,,97.8697414975,1.0,0.240906,-0.1451063915995111,1.0,0.42679,0.024030634023213614,0.0,0.0,0.0
222,12,53,,97.98407483125,1.0,0.02991,-0.20471572447263806,0.0,0.0,0.0,1.0,0.579276,-0.33205391642833043
222,13,53,,98.098408165,0.0,0.0,0.0,0.0,0.0,0.0,1.0,0.538918,-0.07305975192023674
222,14,53,,98.21274149874999,1.0,0.207054,-0.16881777270836357,0.0,0.0,0.0,1.0,0.632033,0.14256123490323577
222,15,53,,98.3270748325,1.0,0.134865,-0.20092856340772214,0.0,0.0,0.0,0.0,0.0,0.0
222,16,53,,98.44140816625,1.0,0.029975,-0.26283818781768975,0.0,0.0,0.0,1.0,0.432636,-0.3863104905747081
222,1,54,98.5557415,98.5557415,0.0,0.0,0.0,1.0,0.461567,0.25098253275112425,1.0,0.260421,0.051786026200937516
222,2,54,,98.6702415,1.0,0.168157,-0.2185283842795352,0.0,0.0,0.0,1.0,0.009496,0.33827510917023984
222,3,54,,98.7847415,1.0,0.2047,-0.17973362445410862,0.0,0.0,0.0,0.0,0.0,0.0
222,4,54,,98.8992415,1.0,0.659241,-0.2534017467248968,1.0,0.288372,-0.047305676855853074,1.0,0.292431,-0.22823144104804582
222,5,54,,99.0137415,0.0,0.0,0.0,0.0,0.0,0.0,1.0,0.037601,0.14032751091706996
222,6,54,,99.1282415,1.0,0.17231,-0.18947161572047175,1.0,0.161806,0.1614104803492738,0.0,0.0,0.0
222,7,54,,99.2427415,1.0,0.123351,-0.16364628820959998,0.0,0.0,0.0,0.0,0.0,0.0
222,8,54,,99.3572415,1.0,0.020145,-0.23879039301313607,0.0,0.0,0.0,1.0,0.212219,-0.39175982532744014
222,9,54,,99.47174150000001,0.0,0.0,0.0,1.0,0.414226,0.28949781659385493,1.0,0.263602,-0.05741048034935722
222,10,54,,99.5862415,1.0,0.161788,-0.19534934497816697,0.0,0.0,0.0,1.0,0.293489,-0.3169301310043284
222,11,54,,99.7007415,1.0,0.193252,-0.19709606986905454,1.0,0.413003,0.04722707423571597,1.0,0.359301,0.05453711790387446
222,12,54,,99.8152415,1.0,0.021384,-0.29397816593881526,0.0,0.0,0.0,1.0,0.271095,-0.4011484716156506
222,13,54,,99.9297415,0.0,0.0,0.0,1.0,0.761593,0.25863318777287925,1.0,0.163162,-0.011506550218330962
222,14,54,,100.0442415,1.0,0.149382,-0.19584716157203766,0.0,0.0,0.0,1.0,0.437754,-0.28236244541483485
222,15,54,,100.1587415,1.0,0.117964,-0.2294017467249256,0.0,0.0,0.0,1.0,0.488073,0.08070305676846683
222,16,54,,100.2732415,1.0,0.03895,-0.2536550218340482,0.0,0.0,0.0,1.0,0.26789,-0.4010960698689339
222,1,55,100.3877415,100.3877415,0.0,0.0,0.0,0.0,0.0,0.0,1.0,0.43709,0.04890869565214258
222,2,55,,100.5027415,1.0,0.14248,-0.09489130434786017,1.0,0.271922,0.3132304347826568,1.0,0.015467,0.3213608695652515
222,3,55,,100.61774150000001,1.0,0.174679,-0.135056521739212,0.0,0.0,0.0,0.0,0.0,0.0
222,4,55,,100.7327415,1.0,0.025152,-0.1919695652173752,0.0,0.0,0.0,1.0,0.009497,-0.28498695652179246
222,5,55,,100.8477415,0.0,0.0,0.0,1.0,0.59384,0.044091304347847166,1.0,0.458281,0.11983043478257711
222,6,55,,100.9627415,1.0,0.15725,-0.2107521739130586,1.0,0.155446,0.11869999999998027,1.0,0.553745,0.4104739130434298
222,7,55,,101.0777415,1.0,0.101485,-0.2023086956522519,0.0,0.0,0.0,0.0,0.0,0.0
222,8,55,,101.1927415,1.0,0.043927,-0.25147391304349515,1.0,0.424002,-0.28181304347829517,1.0,0.607819,-0.261595652173955
222,9,55,,101.30774149999999,0.0,0.0,0.0,1.0,0.404068,0.051769565217427885,1.0,0.510933,0.06451739130445226
222,10,55,,101.4227415,1.0,0.15008,-0.24890869565224144,1.0,0.12417,0.22015217391305225,1.0,0.571922,0.3094652173913434
222,11,55,,101.5377415,1.0,0.172016,-0.22375217391298408,0.0,0.0,0.0,0.0,0.0,0.0
222,12,55,,101.65274149999999,1.0,0.031244,-0.2640217391304066,1.0,0.491487,-0.06655217391295358,1.0,0.448993,-0.3319782608694852
222,13,55,,101.7677415,0.0,0.0,0.0,1.0,0.475569,0.20921304347833108,1.0,0.448089,-0.005534782608685625
222,14,55,,101.8827415,1.0,0.163933,-0.2058043478259895,0.0,0.0,0.0,1.0,0.006176,0.25587391304350793
222,15,55,,101.99774149999999,1.0,0.120341,-0.16471739130430568,1.0,0.304688,-0.11809999999988866,0.0,0.0,0.0
222,16,55,,102.1127415,1.0,0.511219,-0.22247391304343322,0.0,0.0,0.0,1.0,0.329054,-0.2901434782608793
222,1,56,102.2277415,102.2277415,0.0,0.0,0.0,1.0,0.429898,0.23093421052639787,1.0,0.457808,0.069267543859656
222,2,56,,102.3417415,1.0,0.218924,-0.2130043859648885,0.0,0.0,0.0,1.0,0.0248,0.1096096491228028
222,3,56,,102.45574149999999,1.0,0.217312,-0.22061842105245638,0.0,0.0,0.0,0.0,0.0,0.0
222,4,56,,102.56974149999999,1.0,0.345455,-0.23303070175428575,1.0,0.256115,-0.08899561403502325,1.0,0.006941,-0.21982017543856686
222,5,56,,102.6837415,0.0,0.0,0.0,0.0,0.0,0.0,1.0,0.473347,0.08807456140352596
222,6,56,,102.7977415,1.0,0.19458,-0.16117982456146132,1.0,0.125188,0.24541666666670792,1.0,0.011543,-0.0020570175439016793
222,7,56,,102.9117415,1.0,0.166968,-0.15731140350874884,0.0,0.0,0.0,0.0,0.0,0.0
222,8,56,,103.0257415,1.0,0.017336,-0.1792763157894659,0.0,0.0,0.0,1.0,0.320648,-0.2769956140350542
222,9,56,,103.1397415,0.0,0.0,0.0,1.0,0.339588,0.28339035087721937,1.0,0.023393,0.017951754386015418
222,10,56,,103.2537415,1.0,0.212605,-0.1831622807017832,0.0,0.0,0.0,1.0,0.32032,0.11074999999998374
222,11,56,,103.3677415,1.0,0.224484,-0.09972368421042616,1.0,0.260051,0.09388157894743356,0.0,0.0,0.0
222,12,56,,103.4817415,1.0,0.015444,-0.17147807017542402,0.0,0.0,0.0,1.0,0.383392,-0.2409780701754673
222,13,56,,103.5957415,0.0,0.0,0.0,0.0,0.0,0.0,1.0,0.403923,0.044758771929756726
222,14,56,,103.7097415,1.0,0.212967,-0.10199561403511026,0.0,0.0,0.0,1.0,0.104825,-0.06787280701758178
222,15,56,,103.82374150000001,1.0,0.162904,-0.045811403508913516,0.0,0.0,0.0,1.0,0.452847,-0.11275000000004506
222,16,56,,103.9377415,1.0,0.028848,-0.0655307017543537,0.0,0.0,0.0,1.0,0.486619,-0.29873245614040983
222,1,57,104.0517415,104.0517415,0.0,0.0,0.0,1.0,0.337417,0.3142687224669317,1.0,0.370166,0.030171806167348988
222,2,57,,104.16524150000001,1.0,0.222189,-0.0618634361234136,0.0,0.0,0.0,1.0,0.016466,0.1129735682819243
222,3,57,,104.27874150000001,1.0,0.226083,-0.0012643171806799745,0.0,0.0,0.0,0.0,0.0,0.0
222,4,57,,104.3922415,1.0,0.509292,-0.06144052863436771,1.0,0.216711,0.02220704845817418,1.0,0.380191,-0.2167268722466588
222,5,57,,104.5057415,0.0,0.0,0.0,0.0,0.0,0.0,1.0,0.693818,0.07317621145379478
222,6,57,,104.6192415,1.0,0.232679,-0.11177533039648209,1.0,0.111491,0.1900837004405239,1.0,0.054911,0.07251541850216842
222,7,57,,104.7327415,1.0,0.205573,-0.0943920704846546,0.0,0.0,0.0,0.0,0.0,0.0
222,8,57,,104.8462415,1.0,0.01602,-0.119140969163061,0.0,0.0,0.0,1.0,0.251319,-0.2035198237885491
222,9,57,,104.9597415,0.0,0.0,0.0,1.0,0.385351,0.29920264317175344,1.0,0.569274,0.0850264317179918
222,10,57,,105.0732415,1.0,0.198926,-0.1675638766519917,0.0,0.0,0.0,1.0,0.009902,0.1702863436123568
222,11,57,,105.1867415,1.0,0.217721,-0.08949339207040517,1.0,0.215266,-0.00859471365634855,0.0,0.0,0.0
222,12,57,,105.3002415,1.0,0.66935,-0.14645374449336204,0.0,0.0,0.0,1.0,0.37539,-0.08224229074884662
222,13,57,,105.4137415,0.0,0.0,0.0,1.0,0.160423,0.4688061674008214,1.0,0.427983,0.06230396475766425
222,14,57,,105.5272415,1.0,0.22796,-0.12152863436128045,0.0,0.0,0.0,1.0,0.241404,0.025625550660825603
222,15,57,,105.64074149999999,1.0,0.120019,-0.09569603524220179,0.0,0.0,0.0,1.0,0.300049,0.03824229074900438
222,16,57,,105.75424149999999,1.0,0.037389,-0.11339647577084498,0.0,0.0,0.0,1.0,0.017032,-0.10804845814967992
222,1,58,105.8677415,105.8677415,0.0,0.0,0.0,1.0,0.349308,0.4189063034206625,1.0,0.006845,0.043058565941794594
222,2,58,,105.98157483125,1.0,0.23174,-0.05666030484366249,0.0,0.0,0.0,0.0,0.0,0.0
222,3,58,,106.0954081625,1.0,0.196239,-0.004710065971979898,0.0,0.0,0.0,0.0,0.0,0.0
222,4,58,,106.20924149375,1.0,0.557328,-0.02662220034084472,1.0,0.218099,0.08661352647531123,1.0,0.026334,0.012935633472434292
222,5,58,,106.32307482499999,0.0,0.0,0.0,0.0,0.0,0.0,0.0,0.0,0.0
222,6,58,,106.43690815625,1.0,0.196738,-0.14040840300894522,1.0,0.110912,0.27827388869465297,0.0,0.0,0.0
222,7,58,,106.55074148749999,1.0,0.15676,-0.021289788090920622,0.0,0.0,0.0,1.0,0.010918,0.0021743411819049427
222,8,58,,106.66457481875,1.0,0.498142,-0.04627659308704417,0.0,0.0,0.0,0.0,0.0,0.0
222,9,58,,106.77840814999999,0.0,0.0,0.0,1.0,0.395052,0.31768243626805703,0.0,0.0,0.0
222,10,58,,106.89224148125,1.0,0.23029,-0.03003058254077269,0.0,0.0,0.0,0.0,0.0,0.0
222,11,58,,107.0060748125,1.0,0.208248,0.010710285701126109,1.0,0.349399,-0.07004813451769445,1.0,0.007484,-0.04411548396993819
222,12,58,,107.11990814375,1.0,0.646984,-0.051348262286698816,0.0,0.0,0.0,0.0,0.0,0.0
222,13,58,,107.233741475,0.0,0.0,0.0,1.0,0.300931,0.3458611337089645,1.0,0.020171,0.11940724962304985
222,14,58,,107.34757480625,1.0,0.255511,-0.020897273442422128,0.0,0.0,0.0,0.0,0.0,0.0
222,15,58,,107.4614081375,1.0,0.137794,0.017515629895973647,0.0,0.0,0.0,0.0,0.0,0.0
222,16,58,,107.57524146875,1.0,0.026065,0.0004351207987115687,0.0,0.0,0.0,0.0,0.0,0.0
222,1,59,107.6890748,107.6890748,0.0,0.0,0.0,1.0,0.455389,0.2906969957081976,1.0,0.219704,0.06049098712448274
222,2,59,,107.8055748,1.0,0.230721,-0.0013030042918248076,0.0,0.0,0.0,0.0,0.0,0.0
222,3,59,,107.9220748,1.0,0.172382,0.05625922746778024,0.0,0.0,0.0,0.0,0.0,0.0
222,4,59,,108.0385748,1.0,0.454918,-0.02326866952791957,1.0,0.290464,0.008430901287516713,1.0,0.021582,-0.03534592274680674
222,5,59,,108.1550748,0.0,0.0,0.0,0.0,0.0,0.0,0.0,0.0,0.0
222,6,59,,108.2715748,1.0,0.189207,-0.10372360515020591,1.0,0.115416,0.10671416309018124,0.0,0.0,0.0
222,7,59,,108.3880748,1.0,0.124618,-0.02485665236055369,0.0,0.0,0.0,1.0,0.105636,-0.0641871244635504
222,8,59,,108.5045748,1.0,0.21213,-0.0687622317596029,0.0,0.0,0.0,0.0,0.0,0.0
222,9,59,,108.6210748,0.0,0.0,0.0,1.0,0.352589,0.09909184549358625,0.0,0.0,0.0
222,10,59,,108.7375748,1.0,0.155151,-0.14433304721034856,0.0,0.0,0.0,0.0,0.0,0.0
222,11,59,,108.8540748,1.0,0.106924,-0.06891673819746898,1.0,0.153688,-0.1486077253220003,0.0,0.0,0.0
222,12,59,,108.97057480000001,1.0,0.023007,-0.10984377682406526,0.0,0.0,0.0,0.0,0.0,0.0
222,13,59,,109.08707480000001,0.0,0.0,0.0,1.0,0.15972,0.23119484978527707,0.0,0.0,0.0
222,14,59,,109.2035748,1.0,0.127294,-0.12066781115882483,0.0,0.0,0.0,0.0,0.0,0.0
222,15,59,,109.3200748,1.0,0.10949,-0.114882403433472,0.0,0.0,0.0,0.0,0.0,0.0
222,16,59,,109.4365748,1.0,0.032031,-0.10512274678111215,0.0,0.0,0.0,0.0,0.0,0.0
222,1,60,109.5530748,109.5530748,0.0,0.0,0.0,1.0,0.342126,0.21865594709197606,1.0,0.189988,0.05322975105397186
222,2,60,,109.67115162500001,1.0,0.147654,-0.128201490851469,0.0,0.0,0.0,0.0,0.0,0.0
222,3,60,,109.78922845,1.0,0.125281,-0.12391466318640972,0.0,0.0,0.0,0.0,0.0,0.0
222,4,60,,109.907305275,1.0,0.448636,-0.15345327078368867,1.0,0.188666,-0.03995089637618807,1.0,0.020039,-0.25879993809118307
222,5,60,,110.0253821,0.0,0.0,0.0,0.0,0.0,0.0,0.0,0.0,0.0
222,6,60,,110.143458925,1.0,0.119711,-0.24681325061036705,1.0,0.099335,0.05052706151261353,0.0,0.0,0.0
222,7,60,,110.26153575000001,1.0,0.120783,-0.1548292816987046,0.0,0.0,0.0,1.0,0.212943,-0.3526581105141702
222,8,60,,110.379612575,1.0,0.427287,-0.2185744323663734,0.0,0.0,0.0,0.0,0.0,0.0
222,9,60,,110.4976894,0.0,0.0,0.0,1.0,0.227868,0.011497599126718553,0.0,0.0,0.0
222,10,60,,110.615766225,1.0,0.192733,-0.3114686137605207,0.0,0.0,0.0,0.0,0.0,0.0
222,11,60,,110.73384304999999,1.0,0.179869,-0.2892358428505167,1.0,0.243825,-0.3109674569924244,0.0,0.0,0.0
222,12,60,,110.851919875,1.0,0.020339,-0.32551582412543306,0.0,0.0,0.0,0.0,0.0,0.0
222,13,60,,110.9699967,0.0,0.0,0.0,1.0,0.225591,-0.0167407956641798,0.0,0.0,0.0
222,14,60,,111.088073525,1.0,0.179826,-0.33343990236858007,0.0,0.0,0.0,0.0,0.0,0.0
222,15,60,,111.20615035,1.0,0.147373,-0.32702734003901446,0.0,0.0,0.0,0.0,0.0,0.0
222,16,60,,111.32422717499999,1.0,0.391578,-0.40472103649460955,0.0,0.0,0.0,0.0,0.0,0.0
222,1,61,111.442304,111.442304,0.0,0.0,0.0,1.0,0.324455,0.03677517931621733,0.0,0.0,0.0
222,2,61,,111.55939384374999,0.0,0.0,0.0,0.0,0.0,0.0,1.0,0.324786,-0.17452276897399752
222,3,61,,111.6764836875,0.0,0.0,0.0,0.0,0.0,0.0,1.0,0.511817,-0.20893944954129526
222,4,61,,111.79357353124999,1.0,0.415261,-0.44412503753127,1.0,0.197573,-0.23236457047528014,1.0,0.357846,-0.26188890742283677
222,5,61,,111.910663375,0.0,0.0,0.0,0.0,0.0,0.0,1.0,0.813539,-0.016921834862383835
222,6,61,,112.02775321875,1.0,0.187099,-0.33043189324431244,1.0,0.130748,-0.01828697247704478,1.0,0.36899,0.05838919099250873
222,7,61,,112.1448430625,1.0,0.188744,-0.34166125104255696,0.0,0.0,0.0,0.0,0.0,0.0
222,8,61,,112.26193290625,1.0,0.036826,-0.35934718932437876,0.0,0.0,0.0,1.0,0.021411,-0.25653724770644604
222,9,61,,112.37902274999999,0.0,0.0,0.0,1.0,0.266659,0.05342265221025872,1.0,0.344449,0.0006939115930627436
222,10,61,,112.49611259375,1.0,0.16437,-0.13481608006669463,0.0,0.0,0.0,1.0,0.009766,0.053492310258547525
222,11,61,,112.6132024375,1.0,0.165826,-0.13659115929930654,0.0,0.0,0.0,0.0,0.0,0.0
222,12,61,,112.73029228125,1.0,0.028946,-0.16346662218518784,1.0,0.300908,-0.2045718098415584,1.0,0.415436,-0.15448206839034656
222,13,61,,112.847382125,0.0,0.0,0.0,1.0,0.207123,0.09074975813180086,1.0,0.477071,0.031342385321101875
222,14,61,,112.96447196875,1.0,0.18464,-0.05116557130941129,1.0,0.339569,0.15972376980819,1.0,0.308952,0.0072596497080576645
222,15,61,,113.0815618125,1.0,0.144068,-0.11582398665555849,1.0,0.210967,0.03014085070898509,1.0,0.314049,-0.05951679733115983
222,16,61,,113.19865165625001,1.0,0.055307,-0.14632060050053258,0.0,0.0,0.0,1.0,0.838973,-0.13216053377821077
